order_date,region,order_volume,order_value
2016-09-04,SouthEast,1,72.89
2016-09-05,South,1,59.5
2016-09-15,South,1,134.97
2016-10-02,SouthEast,1,100.0
2016-10-03,South,1,29.9
2016-10-03,SouthEast,7,433.58000000000004
2016-10-04,CenterWest,1,136.9
2016-10-04,South,12,1582.3600000000001
2016-10-04,SouthEast,47,8221.699999999997
2016-10-05,CenterWest,1,79.9
2016-10-05,North,1,267.0
2016-10-05,South,11,3357.18
2016-10-05,SouthEast,30,4639.17
2016-10-06,CenterWest,1,31.89
2016-10-06,NorthEast,1,64.9
2016-10-06,South,10,2123.46
2016-10-06,SouthEast,37,5740.259999999999
2016-10-07,CenterWest,3,436.3
2016-10-07,NorthEast,1,161.55
2016-10-07,South,10,1575.2800000000002
2016-10-07,SouthEast,31,5054.919999999999
2016-10-08,South,3,748.05
2016-10-08,SouthEast,37,7693.799999999998
2016-10-09,CenterWest,1,380.0
2016-10-09,South,5,585.78
2016-10-09,SouthEast,20,2371.21
2016-10-10,South,7,538.39
2016-10-10,SouthEast,30,3154.18
2016-12-23,South,1,10.9
2017-01-05,South,30,297.0
2017-01-05,SouthEast,2,99.9
2017-01-06,SouthEast,4,916.38
2017-01-07,South,1,370.0
2017-01-07,SouthEast,3,981.9
2017-01-08,South,1,239.9
2017-01-08,SouthEast,5,469.68000000000006
2017-01-09,South,2,136.9
2017-01-09,SouthEast,3,536.89
2017-01-10,CenterWest,1,380.0
2017-01-10,South,2,875.17
2017-01-10,SouthEast,3,179.70000000000002
2017-01-11,CenterWest,3,1140.0
2017-01-11,NorthEast,1,755.99
2017-01-11,South,2,339.89
2017-01-11,SouthEast,6,540.28
2017-01-12,NorthEast,2,1079.0900000000001
2017-01-12,South,2,79.8
2017-01-12,SouthEast,9,1075.69
2017-01-13,CenterWest,3,1140.0
2017-01-13,South,2,611.99
2017-01-13,SouthEast,6,753.5899999999999
2017-01-14,South,4,342.8
2017-01-14,SouthEast,14,769.8899999999999
2017-01-15,CenterWest,2,760.0
2017-01-15,South,3,693.7
2017-01-15,SouthEast,9,745.8699999999999
2017-01-16,South,3,1027.0
2017-01-16,SouthEast,16,2280.92
2017-01-17,South,5,1247.8
2017-01-17,SouthEast,27,2054.7300000000005
2017-01-18,South,5,936.65
2017-01-18,SouthEast,28,3095.71
2017-01-19,South,6,773.29
2017-01-19,SouthEast,23,2780.6600000000008
2017-01-20,South,8,1787.4399999999998
2017-01-20,SouthEast,20,2248.39
2017-01-21,South,4,315.20000000000005
2017-01-21,SouthEast,20,2143.4000000000005
2017-01-22,South,4,1145.88
2017-01-22,SouthEast,26,2473.3900000000003
2017-01-23,CenterWest,1,310.9
2017-01-23,South,10,2214.16
2017-01-23,SouthEast,28,4056.4100000000003
2017-01-24,CenterWest,1,164.89
2017-01-24,South,6,968.04
2017-01-24,SouthEast,33,4822.24
2017-01-25,NorthEast,1,659.99
2017-01-25,South,8,1513.2
2017-01-25,SouthEast,53,6804.039999999997
2017-01-26,CenterWest,1,81.8
2017-01-26,South,16,2270.4400000000005
2017-01-26,SouthEast,69,10805.419999999993
2017-01-27,NorthEast,2,2014.32
2017-01-27,South,12,1979.47
2017-01-27,SouthEast,48,7439.159999999995
2017-01-28,CenterWest,2,254.79
2017-01-28,NorthEast,1,131.99
2017-01-28,South,10,1607.0800000000002
2017-01-28,SouthEast,16,3217.1499999999996
2017-01-29,NorthEast,1,27.5
2017-01-29,South,11,3350.92
2017-01-29,SouthEast,23,3079.240000000001
2017-01-30,NorthEast,1,119.9
2017-01-30,South,9,3380.09
2017-01-30,SouthEast,41,7301.139999999997
2017-01-31,CenterWest,1,29.8
2017-01-31,NorthEast,1,263.98
2017-01-31,South,23,3537.2100000000005
2017-01-31,SouthEast,42,7285.139999999995
2017-02-01,NorthEast,3,624.89
2017-02-01,South,8,871.88
2017-02-01,SouthEast,56,6722.979999999998
2017-02-02,NorthEast,1,255.0
2017-02-02,South,17,3321.5100000000007
2017-02-02,SouthEast,50,5341.129999999999
2017-02-03,North,1,949.0
2017-02-03,NorthEast,1,119.0
2017-02-03,South,4,1067.79
2017-02-03,SouthEast,51,8047.949999999994
2017-02-04,NorthEast,1,94.76
2017-02-04,South,8,4718.79
2017-02-04,SouthEast,57,9154.609999999993
2017-02-05,NorthEast,3,862.98
2017-02-05,South,13,2147.13
2017-02-05,SouthEast,60,5493.679999999999
2017-02-06,CenterWest,1,14.9
2017-02-06,NorthEast,2,285.98
2017-02-06,South,16,2347.03
2017-02-06,SouthEast,62,6891.529999999993
2017-02-07,CenterWest,1,92.8
2017-02-07,NorthEast,7,1399.14
2017-02-07,South,14,1822.4700000000003
2017-02-07,SouthEast,89,10829.069999999985
2017-02-08,NorthEast,2,748.9
2017-02-08,South,12,1933.38
2017-02-08,SouthEast,76,9275.989999999994
2017-02-09,NorthEast,1,96.0
2017-02-09,South,13,2025.0700000000002
2017-02-09,SouthEast,63,7069.219999999996
2017-02-10,NorthEast,1,263.98
2017-02-10,South,16,2983.1099999999997
2017-02-10,SouthEast,50,10975.549999999994
2017-02-11,CenterWest,1,174.9
2017-02-11,NorthEast,1,263.98
2017-02-11,South,6,639.99
2017-02-11,SouthEast,37,3228.6900000000005
2017-02-12,NorthEast,1,599.0
2017-02-12,South,11,1855.68
2017-02-12,SouthEast,51,12671.46999999999
2017-02-13,CenterWest,1,380.0
2017-02-13,NorthEast,1,279.0
2017-02-13,South,10,959.46
2017-02-13,SouthEast,64,9166.689999999993
2017-02-14,CenterWest,1,690.0
2017-02-14,NorthEast,3,743.89
2017-02-14,South,12,3321.6799999999994
2017-02-14,SouthEast,55,7938.539999999995
2017-02-15,South,9,812.67
2017-02-15,SouthEast,51,5957.479999999998
2017-02-16,NorthEast,3,419.78999999999996
2017-02-16,South,9,1213.2
2017-02-16,SouthEast,40,4715.05
2017-02-17,CenterWest,1,690.0
2017-02-17,NorthEast,1,27.5
2017-02-17,South,1,59.0
2017-02-17,SouthEast,42,6024.7599999999975
2017-02-18,South,10,2328.1900000000005
2017-02-18,SouthEast,42,4969.1399999999985
2017-02-19,NorthEast,1,119.99
2017-02-19,South,1,95.75999999999999
2017-02-19,SouthEast,38,3582.1500000000005
2017-02-20,NorthEast,1,119.99
2017-02-20,South,12,3196.4500000000003
2017-02-20,SouthEast,51,4561.860000000001
2017-02-21,South,3,1187.9
2017-02-21,SouthEast,38,7097.740000000001
2017-02-22,CenterWest,1,178.5
2017-02-22,NorthEast,2,71.22
2017-02-22,South,8,1604.2000000000003
2017-02-22,SouthEast,50,6179.1299999999965
2017-02-23,South,8,735.4999999999999
2017-02-23,SouthEast,51,6205.319999999995
2017-02-24,CenterWest,2,554.7
2017-02-24,NorthEast,1,161.55
2017-02-24,South,9,1653.81
2017-02-24,SouthEast,50,4312.15
2017-02-25,South,8,954.8100000000001
2017-02-25,SouthEast,34,3241.7799999999997
2017-02-26,South,5,682.89
2017-02-26,SouthEast,40,4763.79
2017-02-27,South,5,365.58
2017-02-27,SouthEast,38,5478.539999999998
2017-02-28,CenterWest,1,380.0
2017-02-28,South,6,1453.1000000000001
2017-02-28,SouthEast,48,9387.659999999994
2017-03-01,CenterWest,1,169.9
2017-03-01,NorthEast,1,236.0
2017-03-01,South,18,2886.79
2017-03-01,SouthEast,75,9262.719999999992
2017-03-02,CenterWest,3,294.9
2017-03-02,NorthEast,1,149.9
2017-03-02,South,7,2010.9
2017-03-02,SouthEast,57,8921.299999999997
2017-03-03,South,9,3137.09
2017-03-03,SouthEast,63,9227.349999999999
2017-03-04,South,17,3520.08
2017-03-04,SouthEast,60,9138.429999999995
2017-03-05,CenterWest,2,334.0
2017-03-05,NorthEast,1,419.0
2017-03-05,South,15,1529.2300000000002
2017-03-05,SouthEast,54,4672.389999999998
2017-03-06,CenterWest,1,188.0
2017-03-06,NorthEast,1,149.9
2017-03-06,South,10,1186.56
2017-03-06,SouthEast,87,8812.179999999993
2017-03-07,CenterWest,1,68.9
2017-03-07,South,13,2803.6800000000003
2017-03-07,SouthEast,67,9010.939999999993
2017-03-08,NorthEast,2,479.79
2017-03-08,South,13,2561.64
2017-03-08,SouthEast,63,11571.029999999992
2017-03-09,South,21,3124.8600000000006
2017-03-09,SouthEast,71,8580.679999999998
2017-03-10,South,19,4637.419999999998
2017-03-10,SouthEast,69,7721.449999999993
2017-03-11,CenterWest,1,174.9
2017-03-11,South,11,2706.8300000000004
2017-03-11,SouthEast,59,7971.239999999996
2017-03-12,CenterWest,1,29.8
2017-03-12,North,1,114.0
2017-03-12,NorthEast,1,149.99
2017-03-12,South,7,945.8
2017-03-12,SouthEast,54,5372.569999999998
2017-03-13,CenterWest,1,49.9
2017-03-13,South,16,4335.6900000000005
2017-03-13,SouthEast,94,12572.459999999985
2017-03-14,CenterWest,1,138.9
2017-03-14,NorthEast,1,79.9
2017-03-14,South,13,2105.0800000000004
2017-03-14,SouthEast,84,11919.779999999992
2017-03-15,CenterWest,1,230.0
2017-03-15,North,1,114.0
2017-03-15,NorthEast,3,82.62
2017-03-15,South,12,2998.9900000000007
2017-03-15,SouthEast,90,11573.719999999988
2017-03-16,CenterWest,2,363.8
2017-03-16,NorthEast,2,1348.9
2017-03-16,South,16,1544.43
2017-03-16,SouthEast,83,11012.64999999999
2017-03-17,CenterWest,2,144.9
2017-03-17,South,17,4272.92
2017-03-17,SouthEast,46,7552.579999999999
2017-03-18,CenterWest,2,170.32999999999998
2017-03-18,South,12,2980.89
2017-03-18,SouthEast,59,13282.599999999995
2017-03-19,NorthEast,1,149.9
2017-03-19,South,5,837.3999999999999
2017-03-19,SouthEast,50,5662.039999999998
2017-03-20,CenterWest,4,793.98
2017-03-20,NorthEast,2,356.9
2017-03-20,South,21,3031.790000000001
2017-03-20,SouthEast,89,12913.819999999983
2017-03-21,CenterWest,1,72.9
2017-03-21,South,16,2333.57
2017-03-21,SouthEast,76,8942.659999999994
2017-03-22,CenterWest,2,135.89
2017-03-22,NorthEast,1,599.0
2017-03-22,South,14,1574.3100000000002
2017-03-22,SouthEast,88,11879.76999999999
2017-03-23,CenterWest,3,510.6
2017-03-23,NorthEast,1,135.8
2017-03-23,South,18,3756.5599999999995
2017-03-23,SouthEast,89,11972.58999999999
2017-03-24,CenterWest,2,73.9
2017-03-24,South,6,714.49
2017-03-24,SouthEast,69,9389.47999999999
2017-03-25,CenterWest,1,61.6
2017-03-25,South,15,2190.18
2017-03-25,SouthEast,59,7171.259999999993
2017-03-26,CenterWest,1,14.9
2017-03-26,South,17,1578.1800000000003
2017-03-26,SouthEast,46,4727.869999999999
2017-03-27,CenterWest,2,125.6
2017-03-27,NorthEast,1,239.98
2017-03-27,South,21,2530.87
2017-03-27,SouthEast,85,13460.51999999999
2017-03-28,CenterWest,1,57.99
2017-03-28,NorthEast,1,149.9
2017-03-28,South,15,1723.1800000000003
2017-03-28,SouthEast,86,10442.03999999999
2017-03-29,CenterWest,1,58.99
2017-03-29,NorthEast,1,67.9
2017-03-29,South,11,1249.18
2017-03-29,SouthEast,61,7284.469999999993
2017-03-30,NorthEast,2,399.98
2017-03-30,South,9,1798.4800000000005
2017-03-30,SouthEast,63,7827.139999999995
2017-03-31,CenterWest,1,277.0
2017-03-31,NorthEast,2,93.76
2017-03-31,South,10,2910.19
2017-03-31,SouthEast,57,8918.609999999997
2017-04-01,South,8,931.9899999999999
2017-04-01,SouthEast,59,16765.379999999997
2017-04-02,CenterWest,1,183.0
2017-04-02,South,10,879.4499999999999
2017-04-02,SouthEast,55,8067.429999999997
2017-04-03,South,14,1594.77
2017-04-03,SouthEast,58,7561.989999999996
2017-04-04,CenterWest,1,110.0
2017-04-04,NorthEast,4,959.95
2017-04-04,South,14,2299.4700000000003
2017-04-04,SouthEast,77,8932.229999999992
2017-04-05,CenterWest,1,59.9
2017-04-05,NorthEast,2,154.99
2017-04-05,South,13,2135.04
2017-04-05,SouthEast,80,16553.009999999995
2017-04-06,CenterWest,1,99.0
2017-04-06,South,9,3745.4
2017-04-06,SouthEast,85,19324.49000000002
2017-04-07,CenterWest,1,24.6
2017-04-07,South,11,1394.8600000000001
2017-04-07,SouthEast,73,11881.189999999995
2017-04-08,CenterWest,1,120.0
2017-04-08,South,9,1293.6
2017-04-08,SouthEast,56,7371.489999999996
2017-04-09,CenterWest,2,234.8
2017-04-09,NorthEast,1,109.0
2017-04-09,South,12,1454.35
2017-04-09,SouthEast,59,6424.499999999996
2017-04-10,CenterWest,1,168.66
2017-04-10,South,9,2018.0
2017-04-10,SouthEast,77,9545.649999999992
2017-04-11,CenterWest,4,634.13
2017-04-11,South,13,1664.7500000000002
2017-04-11,SouthEast,60,5997.629999999997
2017-04-12,CenterWest,1,31.0
2017-04-12,South,12,1594.7
2017-04-12,SouthEast,50,6583.4999999999945
2017-04-13,CenterWest,3,305.23
2017-04-13,South,14,2589.1600000000003
2017-04-13,SouthEast,43,6797.039999999996
2017-04-14,South,14,3020.98
2017-04-14,SouthEast,39,5147.6799999999985
2017-04-15,South,6,1935.5900000000001
2017-04-15,SouthEast,47,6398.349999999998
2017-04-16,CenterWest,1,166.33
2017-04-16,South,10,1376.4900000000002
2017-04-16,SouthEast,38,3913.140000000001
2017-04-17,CenterWest,1,42.9
2017-04-17,South,9,1669.4800000000002
2017-04-17,SouthEast,55,7704.2899999999945
2017-04-18,CenterWest,1,71.4
2017-04-18,South,15,2328.4700000000003
2017-04-18,SouthEast,55,18886.84999999999
2017-04-19,CenterWest,1,373.8
2017-04-19,NorthEast,1,15.32
2017-04-19,South,15,1150.88
2017-04-19,SouthEast,80,10563.459999999994
2017-04-20,CenterWest,3,244.0
2017-04-20,South,21,5205.579999999998
2017-04-20,SouthEast,72,7923.559999999992
2017-04-21,CenterWest,2,201.8
2017-04-21,South,11,1499.3700000000001
2017-04-21,SouthEast,56,6756.539999999998
2017-04-22,CenterWest,3,460.79999999999995
2017-04-22,NorthEast,1,669.0
2017-04-22,South,17,3171.5800000000004
2017-04-22,SouthEast,62,8558.799999999992
2017-04-23,CenterWest,4,486.89
2017-04-23,South,11,1390.39
2017-04-23,SouthEast,71,8161.669999999995
2017-04-24,CenterWest,1,119.0
2017-04-24,South,20,3835.8000000000006
2017-04-24,SouthEast,97,11195.229999999989
2017-04-25,CenterWest,3,346.98
2017-04-25,South,21,4792.639999999999
2017-04-25,SouthEast,87,9532.119999999992
2017-04-26,CenterWest,2,221.32
2017-04-26,NorthEast,1,82.99
2017-04-26,South,24,3388.4900000000007
2017-04-26,SouthEast,98,12226.949999999986
2017-04-27,CenterWest,2,321.32000000000005
2017-04-27,NorthEast,1,589.9
2017-04-27,South,11,3044.55
2017-04-27,SouthEast,65,6344.939999999996
2017-04-28,CenterWest,1,59.9
2017-04-28,South,20,4482.110000000001
2017-04-28,SouthEast,77,11248.479999999992
2017-04-29,North,1,279.99
2017-04-29,NorthEast,2,1087.9
2017-04-29,South,8,1040.29
2017-04-29,SouthEast,62,9504.449999999997
2017-04-30,CenterWest,1,164.33
2017-04-30,South,13,1780.2100000000003
2017-04-30,SouthEast,54,6146.619999999997
2017-05-01,CenterWest,2,369.13
2017-05-01,South,17,2855.0299999999997
2017-05-01,SouthEast,98,9356.109999999993
2017-05-02,CenterWest,2,310.89
2017-05-02,South,18,2842.1000000000004
2017-05-02,SouthEast,105,14487.209999999986
2017-05-03,NorthEast,2,288.9
2017-05-03,South,10,1532.27
2017-05-03,SouthEast,90,8232.389999999992
2017-05-04,CenterWest,1,64.0
2017-05-04,NorthEast,1,109.0
2017-05-04,South,18,3262.6800000000003
2017-05-04,SouthEast,89,10072.869999999988
2017-05-05,CenterWest,1,33.0
2017-05-05,NorthEast,1,139.0
2017-05-05,South,15,2616.9700000000003
2017-05-05,SouthEast,93,11180.789999999986
2017-05-06,CenterWest,1,35.0
2017-05-06,South,20,4536.719999999999
2017-05-06,SouthEast,86,11648.259999999991
2017-05-07,CenterWest,4,297.0
2017-05-07,NorthEast,2,74.0
2017-05-07,South,19,5290.549999999998
2017-05-07,SouthEast,84,11506.319999999987
2017-05-08,CenterWest,5,303.39
2017-05-08,South,13,2066.8900000000003
2017-05-08,SouthEast,104,13778.129999999988
2017-05-09,CenterWest,3,393.31
2017-05-09,South,17,4471.589999999998
2017-05-09,SouthEast,105,15972.149999999985
2017-05-10,CenterWest,1,174.9
2017-05-10,NorthEast,1,599.9
2017-05-10,South,13,1378.7900000000004
2017-05-10,SouthEast,101,18773.9
2017-05-11,CenterWest,4,590.87
2017-05-11,South,13,1349.9000000000003
2017-05-11,SouthEast,109,16223.77999999998
2017-05-12,CenterWest,3,182.99
2017-05-12,South,16,2720.3
2017-05-12,SouthEast,94,9732.419999999991
2017-05-13,NorthEast,1,99.9
2017-05-13,South,10,1396.39
2017-05-13,SouthEast,62,7622.359999999993
2017-05-14,NorthEast,1,599.9
2017-05-14,South,7,564.18
2017-05-14,SouthEast,104,14055.619999999983
2017-05-15,CenterWest,3,119.13
2017-05-15,South,26,3680.1600000000008
2017-05-15,SouthEast,125,14162.739999999985
2017-05-16,CenterWest,1,65.9
2017-05-16,South,18,2395.870000000001
2017-05-16,SouthEast,132,18713.109999999993
2017-05-17,South,19,4669.5599999999995
2017-05-17,SouthEast,122,13674.369999999979
2017-05-18,NorthEast,1,290.0
2017-05-18,South,15,1749.78
2017-05-18,SouthEast,109,16205.349999999982
2017-05-19,CenterWest,3,130.69
2017-05-19,NorthEast,2,363.32
2017-05-19,South,19,2682.25
2017-05-19,SouthEast,120,15221.409999999982
2017-05-20,CenterWest,1,289.5
2017-05-20,South,10,1639.0
2017-05-20,SouthEast,61,8703.909999999994
2017-05-21,CenterWest,1,9.99
2017-05-21,North,1,1199.99
2017-05-21,South,19,2699.26
2017-05-21,SouthEast,127,13516.959999999981
2017-05-22,NorthEast,1,434.99
2017-05-22,South,21,3200.5400000000004
2017-05-22,SouthEast,127,21778.670000000016
2017-05-23,CenterWest,1,33.0
2017-05-23,South,15,1653.5500000000002
2017-05-23,SouthEast,109,16111.829999999982
2017-05-24,CenterWest,3,6729.67
2017-05-24,South,20,2052.5600000000004
2017-05-24,SouthEast,118,14568.739999999987
2017-05-25,CenterWest,2,218.79000000000002
2017-05-25,South,14,1919.7800000000004
2017-05-25,SouthEast,89,13245.219999999988
2017-05-26,CenterWest,1,95.67
2017-05-26,South,9,1110.77
2017-05-26,SouthEast,68,9444.73999999999
2017-05-27,CenterWest,1,129.99
2017-05-27,NorthEast,1,135.3
2017-05-27,South,16,2105.78
2017-05-27,SouthEast,63,11768.439999999993
2017-05-28,CenterWest,3,143.7
2017-05-28,South,13,827.9899999999998
2017-05-28,SouthEast,83,8290.929999999991
2017-05-29,CenterWest,2,127.73
2017-05-29,North,1,1199.99
2017-05-29,NorthEast,1,399.99
2017-05-29,South,20,2887.4100000000003
2017-05-29,SouthEast,137,14297.739999999974
2017-05-30,NorthEast,1,149.99
2017-05-30,South,17,2995.06
2017-05-30,SouthEast,84,11200.42999999999
2017-05-31,CenterWest,3,458.32000000000005
2017-05-31,NorthEast,2,489.89
2017-05-31,South,14,4796.83
2017-05-31,SouthEast,107,14693.109999999984
2017-06-01,CenterWest,2,333.98
2017-06-01,South,18,2133.98
2017-06-01,SouthEast,104,16837.28999999998
2017-06-02,NorthEast,2,549.98
2017-06-02,South,17,3132.8199999999997
2017-06-02,SouthEast,107,15448.529999999979
2017-06-03,CenterWest,1,198.0
2017-06-03,South,11,1374.49
2017-06-03,SouthEast,77,8877.859999999991
2017-06-04,CenterWest,2,52.9
2017-06-04,South,14,1629.2200000000005
2017-06-04,SouthEast,85,12181.109999999986
2017-06-05,CenterWest,1,16.9
2017-06-05,NorthEast,1,399.99
2017-06-05,South,20,4200.000000000001
2017-06-05,SouthEast,124,19567.66000000002
2017-06-06,CenterWest,1,59.9
2017-06-06,South,12,1576.1599999999999
2017-06-06,SouthEast,120,12953.089999999986
2017-06-07,NorthEast,1,149.99
2017-06-07,South,17,1862.75
2017-06-07,SouthEast,106,10758.919999999993
2017-06-08,CenterWest,1,49.9
2017-06-08,NorthEast,1,135.3
2017-06-08,South,22,3057.09
2017-06-08,SouthEast,113,15260.789999999983
2017-06-09,NorthEast,1,385.26
2017-06-09,South,22,4122.090000000001
2017-06-09,SouthEast,84,11543.99999999999
2017-06-10,CenterWest,3,370.23
2017-06-10,NorthEast,1,149.99
2017-06-10,South,9,1630.22
2017-06-10,SouthEast,63,6069.909999999996
2017-06-11,CenterWest,1,249.33
2017-06-11,South,13,1614.8600000000001
2017-06-11,SouthEast,100,12439.369999999988
2017-06-12,CenterWest,3,144.12
2017-06-12,NorthEast,2,474.98
2017-06-12,South,14,1351.16
2017-06-12,SouthEast,106,12832.84999999998
2017-06-13,CenterWest,2,192.4
2017-06-13,NorthEast,1,123.89
2017-06-13,South,13,1742.6899999999998
2017-06-13,SouthEast,109,11957.10999999999
2017-06-14,NorthEast,4,832.87
2017-06-14,South,18,2963.6800000000007
2017-06-14,SouthEast,110,16645.11999999998
2017-06-15,CenterWest,5,264.56
2017-06-15,South,14,1800.0
2017-06-15,SouthEast,88,10673.10999999999
2017-06-16,CenterWest,4,613.53
2017-06-16,NorthEast,1,149.9
2017-06-16,South,10,747.4999999999999
2017-06-16,SouthEast,82,11397.299999999988
2017-06-17,CenterWest,2,130.69
2017-06-17,South,8,1147.35
2017-06-17,SouthEast,64,9986.729999999994
2017-06-18,CenterWest,2,129.89
2017-06-18,South,9,1004.98
2017-06-18,SouthEast,79,16701.289999999994
2017-06-19,CenterWest,2,200.5
2017-06-19,South,22,3232.4
2017-06-19,SouthEast,132,19331.93
2017-06-20,South,11,1548.2800000000007
2017-06-20,SouthEast,81,9420.04999999999
2017-06-21,South,2,183.5
2017-06-21,SouthEast,33,6000.15
2017-06-22,South,16,1669.1400000000003
2017-06-22,SouthEast,72,7157.6699999999955
2017-06-23,CenterWest,2,205.88
2017-06-23,South,15,1679.19
2017-06-23,SouthEast,90,11397.909999999993
2017-06-24,CenterWest,1,93.5
2017-06-24,South,11,1763.9800000000002
2017-06-24,SouthEast,64,6468.1699999999955
2017-06-25,South,14,3283.68
2017-06-25,SouthEast,91,14362.49999999999
2017-06-26,South,12,3107.28
2017-06-26,SouthEast,60,10307.479999999994
2017-06-27,CenterWest,1,174.33
2017-06-27,NorthEast,1,249.0
2017-06-27,South,16,1459.37
2017-06-27,SouthEast,122,14798.909999999982
2017-06-28,CenterWest,4,308.93
2017-06-28,NorthEast,3,1113.8000000000002
2017-06-28,South,8,2119.8900000000003
2017-06-28,SouthEast,105,11113.199999999984
2017-06-29,NorthEast,1,599.0
2017-06-29,South,14,1468.7499999999998
2017-06-29,SouthEast,95,10101.779999999992
2017-06-30,CenterWest,2,240.32
2017-06-30,NorthEast,1,332.0
2017-06-30,South,13,2946.7600000000007
2017-06-30,SouthEast,77,9217.809999999994
2017-07-01,South,17,2916.0000000000005
2017-07-01,SouthEast,64,9235.749999999996
2017-07-02,CenterWest,1,142.47
2017-07-02,South,12,1324.84
2017-07-02,SouthEast,92,10022.129999999996
2017-07-03,CenterWest,2,318.9
2017-07-03,South,22,3344.37
2017-07-03,SouthEast,93,12947.779999999988
2017-07-04,CenterWest,1,20.89
2017-07-04,NorthEast,1,606.39
2017-07-04,South,13,1887.7500000000002
2017-07-04,SouthEast,108,12969.209999999986
2017-07-05,CenterWest,3,327.64000000000004
2017-07-05,South,19,3018.4400000000005
2017-07-05,SouthEast,118,17443.479999999992
2017-07-06,CenterWest,4,493.13
2017-07-06,NorthEast,1,36.79
2017-07-06,South,18,2369.27
2017-07-06,SouthEast,125,19324.53000000001
2017-07-07,CenterWest,3,165.8
2017-07-07,South,19,2870.2300000000005
2017-07-07,SouthEast,95,10626.839999999993
2017-07-08,CenterWest,1,174.33
2017-07-08,South,9,1436.6600000000003
2017-07-08,SouthEast,74,8595.869999999995
2017-07-09,CenterWest,1,206.96
2017-07-09,South,15,1717.58
2017-07-09,SouthEast,74,6272.839999999997
2017-07-10,South,20,3551.51
2017-07-10,SouthEast,120,13775.419999999984
2017-07-11,CenterWest,3,597.0
2017-07-11,North,1,149.99
2017-07-11,South,18,3970.7000000000007
2017-07-11,SouthEast,140,15496.09999999998
2017-07-12,CenterWest,2,111.9
2017-07-12,South,24,3323.080000000001
2017-07-12,SouthEast,123,15745.239999999983
2017-07-13,CenterWest,2,82.88999999999999
2017-07-13,South,15,1319.9800000000002
2017-07-13,SouthEast,121,13128.129999999985
2017-07-14,South,17,1545.4200000000003
2017-07-14,SouthEast,132,17199.72999999998
2017-07-15,South,12,1514.7000000000003
2017-07-15,SouthEast,86,9415.859999999991
2017-07-16,CenterWest,2,56.8
2017-07-16,NorthEast,1,22.99
2017-07-16,South,14,1515.9
2017-07-16,SouthEast,96,11825.90999999999
2017-07-17,CenterWest,1,166.33
2017-07-17,NorthEast,3,420.98
2017-07-17,South,18,2613.0400000000004
2017-07-17,SouthEast,143,18354.629999999986
2017-07-18,CenterWest,2,123.89
2017-07-18,South,20,3896.3199999999997
2017-07-18,SouthEast,169,24217.99000000003
2017-07-19,CenterWest,2,754.33
2017-07-19,South,24,2942.190000000001
2017-07-19,SouthEast,124,12848.819999999983
2017-07-20,CenterWest,3,120.78
2017-07-20,South,14,2892.7000000000003
2017-07-20,SouthEast,124,16160.599999999977
2017-07-21,CenterWest,1,166.33
2017-07-21,NorthEast,2,1138.0
2017-07-21,South,12,1273.58
2017-07-21,SouthEast,99,10870.939999999988
2017-07-22,South,17,3455.120000000001
2017-07-22,SouthEast,72,8001.689999999991
2017-07-23,CenterWest,1,499.0
2017-07-23,South,22,2356.7600000000007
2017-07-23,SouthEast,81,9261.849999999993
2017-07-24,CenterWest,1,79.0
2017-07-24,NorthEast,2,240.4
2017-07-24,South,22,3155.420000000001
2017-07-24,SouthEast,136,16187.79999999998
2017-07-25,CenterWest,4,529.0999999999999
2017-07-25,NorthEast,2,141.27
2017-07-25,South,19,1915.4700000000003
2017-07-25,SouthEast,127,14896.689999999988
2017-07-26,South,14,1169.09
2017-07-26,SouthEast,109,10096.13999999999
2017-07-27,CenterWest,1,255.0
2017-07-27,NorthEast,1,1299.0
2017-07-27,South,21,2296.5299999999997
2017-07-27,SouthEast,100,11843.39999999999
2017-07-28,CenterWest,3,576.9000000000001
2017-07-28,NorthEast,1,12.93
2017-07-28,South,26,7090.68
2017-07-28,SouthEast,103,12362.649999999987
2017-07-29,CenterWest,1,79.0
2017-07-29,NorthEast,1,399.99
2017-07-29,South,11,1822.4300000000003
2017-07-29,SouthEast,102,13662.849999999986
2017-07-30,CenterWest,3,167.9
2017-07-30,NorthEast,1,149.99
2017-07-30,South,18,3179.2600000000007
2017-07-30,SouthEast,95,9447.719999999988
2017-07-31,CenterWest,2,209.88
2017-07-31,North,1,208.1
2017-07-31,South,15,2317.76
2017-07-31,SouthEast,130,14537.139999999983
2017-08-01,CenterWest,1,119.9
2017-08-01,South,27,4473.2699999999995
2017-08-01,SouthEast,138,17151.86999999998
2017-08-02,CenterWest,1,89.9
2017-08-02,NorthEast,1,89.99
2017-08-02,South,19,4327.070000000001
2017-08-02,SouthEast,134,13640.039999999983
2017-08-03,CenterWest,7,1095.1299999999999
2017-08-03,North,1,149.99
2017-08-03,South,20,5100.47
2017-08-03,SouthEast,120,12779.919999999982
2017-08-04,CenterWest,1,98.99
2017-08-04,South,13,1949.2800000000002
2017-08-04,SouthEast,127,16313.349999999984
2017-08-05,CenterWest,2,168.9
2017-08-05,NorthEast,1,79.99
2017-08-05,South,15,1328.0900000000001
2017-08-05,SouthEast,97,10369.92999999999
2017-08-06,CenterWest,1,16.9
2017-08-06,NorthEast,1,149.9
2017-08-06,South,12,3595.3800000000006
2017-08-06,SouthEast,94,10418.959999999988
2017-08-07,CenterWest,3,51.8
2017-08-07,NorthEast,1,79.99
2017-08-07,South,15,4282.2
2017-08-07,SouthEast,138,18843.850000000002
2017-08-08,CenterWest,1,32.9
2017-08-08,NorthEast,1,15.32
2017-08-08,South,24,3198.9800000000005
2017-08-08,SouthEast,121,15414.429999999991
2017-08-09,CenterWest,3,543.79
2017-08-09,South,17,1630.7800000000002
2017-08-09,SouthEast,122,18581.949999999997
2017-08-10,CenterWest,3,347.89
2017-08-10,South,19,2804.37
2017-08-10,SouthEast,133,16809.289999999983
2017-08-11,CenterWest,2,68.9
2017-08-11,South,21,3853.4800000000005
2017-08-11,SouthEast,115,16116.85999999999
2017-08-12,CenterWest,1,117.79
2017-08-12,South,11,1448.3300000000004
2017-08-12,SouthEast,85,12414.73999999999
2017-08-13,CenterWest,1,98.99
2017-08-13,South,10,1206.4499999999998
2017-08-13,SouthEast,81,11028.749999999995
2017-08-14,CenterWest,1,216.76
2017-08-14,South,17,2495.2500000000005
2017-08-14,SouthEast,138,15444.35999999998
2017-08-15,CenterWest,6,560.1600000000001
2017-08-15,NorthEast,2,333.9
2017-08-15,South,24,3732.370000000001
2017-08-15,SouthEast,161,19100.830000000005
2017-08-16,CenterWest,2,139.8
2017-08-16,NorthEast,1,599.0
2017-08-16,South,18,3324.7400000000002
2017-08-16,SouthEast,152,19886.880000000016
2017-08-17,CenterWest,4,266.78999999999996
2017-08-17,NorthEast,2,498.0
2017-08-17,South,19,2043.8700000000003
2017-08-17,SouthEast,131,15549.249999999985
2017-08-18,CenterWest,3,252.9
2017-08-18,NorthEast,1,39.0
2017-08-18,South,25,5636.559999999999
2017-08-18,SouthEast,117,11203.549999999992
2017-08-19,NorthEast,1,249.0
2017-08-19,South,13,1921.3600000000001
2017-08-19,SouthEast,95,10739.769999999986
2017-08-20,CenterWest,2,169.8
2017-08-20,South,11,2420.74
2017-08-20,SouthEast,91,10283.239999999993
2017-08-21,CenterWest,2,281.5
2017-08-21,NorthEast,1,249.0
2017-08-21,South,30,3818.760000000001
2017-08-21,SouthEast,144,17870.089999999993
2017-08-22,CenterWest,3,279.8
2017-08-22,NorthEast,1,19.9
2017-08-22,South,22,3356.15
2017-08-22,SouthEast,111,12971.269999999984
2017-08-23,NorthEast,1,53.89
2017-08-23,South,15,2589.0000000000005
2017-08-23,SouthEast,96,13230.71999999999
2017-08-24,NorthEast,1,48.0
2017-08-24,South,18,1945.1400000000006
2017-08-24,SouthEast,108,11367.96999999999
2017-08-25,CenterWest,1,172.33
2017-08-25,NorthEast,1,309.99
2017-08-25,South,13,1484.09
2017-08-25,SouthEast,108,13196.909999999989
2017-08-26,CenterWest,2,98.9
2017-08-26,South,15,2240.0800000000004
2017-08-26,SouthEast,77,7802.709999999993
2017-08-27,CenterWest,1,79.0
2017-08-27,South,22,2556.27
2017-08-27,SouthEast,95,10732.60999999999
2017-08-28,CenterWest,2,158.9
2017-08-28,NorthEast,4,4700.0
2017-08-28,South,18,2018.9600000000005
2017-08-28,SouthEast,131,15366.659999999982
2017-08-29,CenterWest,2,864.0
2017-08-29,North,1,599.99
2017-08-29,NorthEast,16,17174.0
2017-08-29,South,17,1857.18
2017-08-29,SouthEast,101,13261.309999999989
2017-08-30,CenterWest,4,432.33
2017-08-30,NorthEast,12,11383.99
2017-08-30,South,19,2633.9100000000008
2017-08-30,SouthEast,144,16487.92999999998
2017-08-31,CenterWest,3,309.32
2017-08-31,NorthEast,4,1627.99
2017-08-31,South,16,2249.5800000000004
2017-08-31,SouthEast,125,16484.619999999984
2017-09-01,CenterWest,3,169.25
2017-09-01,NorthEast,12,10112.5
2017-09-01,South,15,1518.08
2017-09-01,SouthEast,130,16673.299999999985
2017-09-02,CenterWest,4,500.83
2017-09-02,NorthEast,5,5780.0
2017-09-02,South,11,1224.0900000000001
2017-09-02,SouthEast,84,10623.739999999989
2017-09-03,CenterWest,2,227.5
2017-09-03,NorthEast,4,3980.0
2017-09-03,South,17,2258.0700000000006
2017-09-03,SouthEast,102,21329.840000000007
2017-09-04,CenterWest,1,50.66
2017-09-04,NorthEast,12,7583.1
2017-09-04,South,11,1116.43
2017-09-04,SouthEast,124,16187.78999999998
2017-09-05,CenterWest,2,218.27
2017-09-05,NorthEast,4,2162.8900000000003
2017-09-05,South,23,2869.0600000000004
2017-09-05,SouthEast,125,15731.329999999982
2017-09-06,CenterWest,8,1178.13
2017-09-06,NorthEast,9,8684.47
2017-09-06,South,19,2887.17
2017-09-06,SouthEast,104,12874.83999999999
2017-09-07,NorthEast,3,3949.9799999999996
2017-09-07,South,9,1461.11
2017-09-07,SouthEast,85,11482.409999999987
2017-09-08,CenterWest,1,25.33
2017-09-08,NorthEast,2,48.31
2017-09-08,South,14,1836.0000000000002
2017-09-08,SouthEast,98,9973.82999999999
2017-09-09,CenterWest,2,154.9
2017-09-09,NorthEast,5,1423.97
2017-09-09,South,11,2032.0000000000005
2017-09-09,SouthEast,88,11471.659999999993
2017-09-10,NorthEast,2,818.99
2017-09-10,South,17,1972.97
2017-09-10,SouthEast,117,15018.309999999989
2017-09-11,CenterWest,2,228.32999999999998
2017-09-11,NorthEast,1,299.99
2017-09-11,South,21,3361.290000000001
2017-09-11,SouthEast,154,19487.170000000002
2017-09-12,CenterWest,8,1511.8100000000002
2017-09-12,NorthEast,6,2768.4700000000003
2017-09-12,South,20,3079.58
2017-09-12,SouthEast,170,19776.149999999994
2017-09-13,CenterWest,2,859.8
2017-09-13,NorthEast,2,599.98
2017-09-13,South,21,3145.4800000000005
2017-09-13,SouthEast,180,22988.020000000008
2017-09-14,CenterWest,3,224.69
2017-09-14,NorthEast,3,2204.7799999999997
2017-09-14,South,17,2277.7800000000007
2017-09-14,SouthEast,144,17850.51
2017-09-15,CenterWest,2,241.9
2017-09-15,North,1,99.0
2017-09-15,NorthEast,2,1029.99
2017-09-15,South,18,2127.9800000000005
2017-09-15,SouthEast,127,14874.389999999978
2017-09-16,CenterWest,1,329.9
2017-09-16,NorthEast,2,1739.99
2017-09-16,South,13,2137.0400000000004
2017-09-16,SouthEast,113,16940.439999999995
2017-09-17,CenterWest,2,102.79
2017-09-17,NorthEast,3,2946.6000000000004
2017-09-17,South,20,3755.37
2017-09-17,SouthEast,101,13174.659999999987
2017-09-18,CenterWest,6,2784.16
2017-09-18,NorthEast,1,1349.99
2017-09-18,South,25,2964.7200000000007
2017-09-18,SouthEast,151,21388.940000000006
2017-09-19,CenterWest,1,172.33
2017-09-19,North,1,349.0
2017-09-19,NorthEast,2,599.98
2017-09-19,South,24,5003.4400000000005
2017-09-19,SouthEast,126,13933.199999999984
2017-09-20,CenterWest,1,89.69999999999999
2017-09-20,NorthEast,1,204.89
2017-09-20,South,12,1821.79
2017-09-20,SouthEast,147,19986.170000000002
2017-09-21,CenterWest,3,341.23
2017-09-21,South,18,2059.9900000000002
2017-09-21,SouthEast,129,16614.309999999987
2017-09-22,CenterWest,4,972.34
2017-09-22,NorthEast,2,459.02
2017-09-22,South,11,1001.3299999999999
2017-09-22,SouthEast,119,13822.429999999984
2017-09-23,CenterWest,4,390.4
2017-09-23,NorthEast,2,327.49
2017-09-23,South,13,2920.69
2017-09-23,SouthEast,66,6874.919999999996
2017-09-24,CenterWest,5,1108.5500000000002
2017-09-24,NorthEast,1,249.0
2017-09-24,South,20,2078.45
2017-09-24,SouthEast,87,9613.74999999999
2017-09-25,CenterWest,6,960.68
2017-09-25,NorthEast,2,1651.99
2017-09-25,South,19,2589.61
2017-09-25,SouthEast,106,12784.819999999987
2017-09-26,CenterWest,5,367.33
2017-09-26,NorthEast,1,212.4
2017-09-26,South,28,3362.690000000001
2017-09-26,SouthEast,145,17739.480000000003
2017-09-27,CenterWest,1,79.9
2017-09-27,NorthEast,1,1599.99
2017-09-27,South,16,3136.4900000000007
2017-09-27,SouthEast,127,15830.53999999998
2017-09-28,CenterWest,4,458.4
2017-09-28,NorthEast,3,2095.59
2017-09-28,South,15,4157.3099999999995
2017-09-28,SouthEast,121,16553.219999999987
2017-09-29,CenterWest,1,147.0
2017-09-29,NorthEast,2,512.39
2017-09-29,South,19,2300.37
2017-09-29,SouthEast,94,27918.800000000065
2017-09-30,NorthEast,3,1780.89
2017-09-30,South,20,1932.7700000000007
2017-09-30,SouthEast,86,8971.829999999996
2017-10-01,CenterWest,3,426.89
2017-10-01,NorthEast,2,1749.89
2017-10-01,South,18,2826.98
2017-10-01,SouthEast,105,13817.509999999987
2017-10-02,CenterWest,4,447.02
2017-10-02,NorthEast,2,1846.6100000000001
2017-10-02,South,13,1868.2900000000002
2017-10-02,SouthEast,123,17602.729999999992
2017-10-03,CenterWest,6,626.02
2017-10-03,NorthEast,2,1815.93
2017-10-03,South,24,4378.1
2017-10-03,SouthEast,166,19298.52
2017-10-04,CenterWest,4,531.0
2017-10-04,NorthEast,2,998.22
2017-10-04,South,18,3252.0
2017-10-04,SouthEast,133,16416.479999999978
2017-10-05,CenterWest,2,177.9
2017-10-05,NorthEast,3,3524.9700000000003
2017-10-05,South,14,3922.600000000001
2017-10-05,SouthEast,121,17892.049999999992
2017-10-06,CenterWest,2,603.4599999999999
2017-10-06,NorthEast,3,862.0
2017-10-06,South,11,1211.1899999999998
2017-10-06,SouthEast,110,14408.01999999999
2017-10-07,CenterWest,1,59.0
2017-10-07,NorthEast,1,1599.99
2017-10-07,South,12,2848.9700000000003
2017-10-07,SouthEast,90,10868.05999999999
2017-10-08,CenterWest,5,689.45
2017-10-08,NorthEast,4,734.19
2017-10-08,South,20,2032.2500000000002
2017-10-08,SouthEast,95,13083.119999999992
2017-10-09,CenterWest,1,72.0
2017-10-09,NorthEast,5,2058.61
2017-10-09,South,17,3293.7900000000004
2017-10-09,SouthEast,168,24913.39000000002
2017-10-10,CenterWest,3,291.9
2017-10-10,NorthEast,1,1437.0
2017-10-10,South,20,2480.26
2017-10-10,SouthEast,157,23941.970000000016
2017-10-11,CenterWest,4,367.78
2017-10-11,NorthEast,3,1918.0
2017-10-11,South,19,3014.59
2017-10-11,SouthEast,130,17368.999999999993
2017-10-12,CenterWest,7,830.5899999999999
2017-10-12,South,11,1405.2
2017-10-12,SouthEast,122,16518.439999999984
2017-10-13,CenterWest,7,1081.9
2017-10-13,South,18,2608.9000000000005
2017-10-13,SouthEast,126,19190.390000000007
2017-10-14,CenterWest,2,267.9
2017-10-14,NorthEast,1,87.9
2017-10-14,South,16,2425.7700000000004
2017-10-14,SouthEast,99,10747.24999999999
2017-10-15,CenterWest,5,734.9
2017-10-15,NorthEast,2,1683.62
2017-10-15,South,14,3177.000000000001
2017-10-15,SouthEast,99,13156.329999999989
2017-10-16,CenterWest,4,516.44
2017-10-16,NorthEast,7,3490.38
2017-10-16,South,27,4645.21
2017-10-16,SouthEast,156,21928.13000000002
2017-10-17,CenterWest,6,900.2
2017-10-17,NorthEast,1,215.56
2017-10-17,South,21,3861.980000000001
2017-10-17,SouthEast,169,24698.03000000003
2017-10-18,CenterWest,7,1132.2
2017-10-18,NorthEast,1,289.0
2017-10-18,South,23,4340.610000000001
2017-10-18,SouthEast,145,21495.980000000014
2017-10-19,CenterWest,4,571.89
2017-10-19,NorthEast,1,329.22
2017-10-19,South,24,3643.930000000001
2017-10-19,SouthEast,147,18678.66999999999
2017-10-20,CenterWest,4,682.9
2017-10-20,NorthEast,2,677.74
2017-10-20,South,9,2355.3900000000003
2017-10-20,SouthEast,105,14910.169999999986
2017-10-21,CenterWest,2,207.9
2017-10-21,NorthEast,2,303.36
2017-10-21,South,13,3635.46
2017-10-21,SouthEast,93,10835.729999999989
2017-10-22,NorthEast,5,2819.55
2017-10-22,South,23,2370.3400000000006
2017-10-22,SouthEast,130,14596.919999999984
2017-10-23,CenterWest,4,361.7
2017-10-23,NorthEast,1,1437.0
2017-10-23,South,27,3036.18
2017-10-23,SouthEast,127,17443.21999999999
2017-10-24,CenterWest,4,549.89
2017-10-24,NorthEast,4,2646.7
2017-10-24,South,17,2635.05
2017-10-24,SouthEast,139,16239.629999999983
2017-10-25,CenterWest,1,33.0
2017-10-25,NorthEast,3,720.12
2017-10-25,South,25,2437.49
2017-10-25,SouthEast,125,14316.449999999986
2017-10-26,CenterWest,5,851.79
2017-10-26,NorthEast,2,1726.0
2017-10-26,South,13,2487.4900000000002
2017-10-26,SouthEast,123,17507.86999999999
2017-10-27,CenterWest,2,1055.0
2017-10-27,NorthEast,2,2777.0
2017-10-27,South,13,3813.27
2017-10-27,SouthEast,114,12732.309999999987
2017-10-28,NorthEast,2,506.17999999999995
2017-10-28,South,12,4630.2699999999995
2017-10-28,SouthEast,72,11347.159999999993
2017-10-29,CenterWest,3,666.8
2017-10-29,NorthEast,2,1518.0
2017-10-29,South,13,1716.0
2017-10-29,SouthEast,114,13366.949999999983
2017-10-30,CenterWest,1,46.89
2017-10-30,NorthEast,3,2295.98
2017-10-30,South,20,1886.2900000000004
2017-10-30,SouthEast,120,15992.069999999982
2017-10-31,CenterWest,6,880.4599999999999
2017-10-31,NorthEast,5,6229.0
2017-10-31,South,21,3276.65
2017-10-31,SouthEast,125,13426.889999999989
2017-11-01,CenterWest,2,163.0
2017-11-01,NorthEast,3,1915.8400000000001
2017-11-01,South,18,3094.9500000000007
2017-11-01,SouthEast,86,14209.819999999989
2017-11-02,CenterWest,3,206.9
2017-11-02,NorthEast,5,3402.6600000000003
2017-11-02,South,15,1846.99
2017-11-02,SouthEast,101,15807.179999999988
2017-11-03,CenterWest,9,791.5899999999999
2017-11-03,NorthEast,4,2477.18
2017-11-03,South,15,1583.19
2017-11-03,SouthEast,112,17992.089999999997
2017-11-04,CenterWest,3,261.69
2017-11-04,NorthEast,2,1652.56
2017-11-04,South,15,2888.8900000000003
2017-11-04,SouthEast,91,14365.929999999984
2017-11-05,CenterWest,4,463.89
2017-11-05,NorthEast,1,119.9
2017-11-05,South,15,2328.6500000000005
2017-11-05,SouthEast,123,14414.999999999984
2017-11-06,CenterWest,2,232.9
2017-11-06,NorthEast,1,899.5
2017-11-06,South,25,5018.699999999999
2017-11-06,SouthEast,162,22449.190000000024
2017-11-07,NorthEast,1,1449.5
2017-11-07,South,22,3431.760000000001
2017-11-07,SouthEast,135,15948.44999999998
2017-11-08,CenterWest,1,90.0
2017-11-08,NorthEast,2,578.0
2017-11-08,South,24,3325.7400000000007
2017-11-08,SouthEast,148,15246.769999999979
2017-11-09,CenterWest,5,561.13
2017-11-09,NorthEast,2,2680.0
2017-11-09,South,23,2732.3700000000003
2017-11-09,SouthEast,159,19079.83999999999
2017-11-10,CenterWest,2,79.8
2017-11-10,NorthEast,2,431.88
2017-11-10,South,20,2345.4300000000003
2017-11-10,SouthEast,140,17366.729999999992
2017-11-11,CenterWest,3,213.9
2017-11-11,South,18,4178.17
2017-11-11,SouthEast,134,18900.000000000004
2017-11-12,CenterWest,2,138.9
2017-11-12,South,21,4106.05
2017-11-12,SouthEast,150,18842.30999999999
2017-11-13,CenterWest,2,173.9
2017-11-13,North,1,339.0
2017-11-13,South,27,2995.3900000000003
2017-11-13,SouthEast,172,20883.68000000003
2017-11-14,North,1,42.36
2017-11-14,South,29,5835.899999999999
2017-11-14,SouthEast,159,21171.419999999995
2017-11-15,CenterWest,1,55.89
2017-11-15,NorthEast,1,378.0
2017-11-15,South,27,4440.4800000000005
2017-11-15,SouthEast,156,18836.920000000002
2017-11-16,CenterWest,5,395.9
2017-11-16,South,21,5832.589999999998
2017-11-16,SouthEast,198,22040.330000000016
2017-11-17,CenterWest,4,445.79999999999995
2017-11-17,South,22,5989.99
2017-11-17,SouthEast,165,22773.28000000003
2017-11-18,CenterWest,1,395.0
2017-11-18,South,18,6110.68
2017-11-18,SouthEast,128,16727.619999999988
2017-11-19,CenterWest,1,64.9
2017-11-19,NorthEast,2,535.62
2017-11-19,South,24,2873.7700000000004
2017-11-19,SouthEast,132,16481.269999999986
2017-11-20,CenterWest,1,39.9
2017-11-20,NorthEast,2,736.12
2017-11-20,South,22,5410.33
2017-11-20,SouthEast,202,38098.120000000024
2017-11-21,CenterWest,2,237.0
2017-11-21,NorthEast,1,493.24
2017-11-21,South,36,7365.949999999998
2017-11-21,SouthEast,190,26220.450000000048
2017-11-22,CenterWest,2,278.9
2017-11-22,North,1,139.0
2017-11-22,South,23,3612.6700000000005
2017-11-22,SouthEast,173,20932.000000000004
2017-11-23,CenterWest,6,440.9
2017-11-23,North,1,35.0
2017-11-23,NorthEast,1,289.0
2017-11-23,South,42,11306.279999999995
2017-11-23,SouthEast,228,32641.700000000073
2017-11-24,CenterWest,18,1772.2300000000002
2017-11-24,NorthEast,13,2935.3500000000004
2017-11-24,South,152,33395.85000000007
2017-11-24,SouthEast,986,114550.30999999998
2017-11-25,CenterWest,5,453.09000000000003
2017-11-25,North,1,349.0
2017-11-25,NorthEast,7,2462.0800000000004
2017-11-25,South,62,10888.629999999994
2017-11-25,SouthEast,423,46770.680000000124
2017-11-26,CenterWest,9,689.49
2017-11-26,NorthEast,5,1038.94
2017-11-26,South,45,6948.039999999996
2017-11-26,SouthEast,331,36638.81000000008
2017-11-27,CenterWest,5,577.5999999999999
2017-11-27,NorthEast,8,2627.84
2017-11-27,South,53,7662.859999999997
2017-11-27,SouthEast,335,37055.36000000012
2017-11-28,CenterWest,6,448.8
2017-11-28,NorthEast,9,1631.8000000000002
2017-11-28,South,47,9505.519999999997
2017-11-28,SouthEast,316,36300.43000000011
2017-11-29,CenterWest,6,1156.5800000000002
2017-11-29,North,1,349.0
2017-11-29,NorthEast,2,355.8
2017-11-29,South,46,6782.749999999997
2017-11-29,SouthEast,265,31190.62000000006
2017-11-30,CenterWest,6,317.58000000000004
2017-11-30,NorthEast,5,940.13
2017-11-30,South,19,3848.6000000000004
2017-11-30,SouthEast,234,26216.430000000044
2017-12-01,CenterWest,2,152.95999999999998
2017-12-01,NorthEast,2,425.8
2017-12-01,South,33,5492.8099999999995
2017-12-01,SouthEast,237,33910.340000000055
2017-12-02,CenterWest,6,1427.9
2017-12-02,NorthEast,3,270.69
2017-12-02,South,26,4451.500000000001
2017-12-02,SouthEast,179,25058.04000000004
2017-12-03,CenterWest,4,438.95
2017-12-03,NorthEast,2,759.6
2017-12-03,South,21,2948.100000000001
2017-12-03,SouthEast,204,25116.270000000022
2017-12-04,CenterWest,3,264.79
2017-12-04,North,1,39.0
2017-12-04,NorthEast,8,2857.4000000000005
2017-12-04,South,37,6411.389999999998
2017-12-04,SouthEast,282,37775.94000000008
2017-12-05,CenterWest,3,314.79999999999995
2017-12-05,South,31,5406.68
2017-12-05,SouthEast,242,27910.890000000043
2017-12-06,CenterWest,2,438.0
2017-12-06,NorthEast,6,1183.5900000000001
2017-12-06,South,46,8277.079999999998
2017-12-06,SouthEast,219,29300.07000000005
2017-12-07,CenterWest,5,380.02000000000004
2017-12-07,NorthEast,3,2464.0
2017-12-07,South,30,5356.43
2017-12-07,SouthEast,189,19855.330000000016
2017-12-08,CenterWest,2,269.8
2017-12-08,South,42,9033.069999999996
2017-12-08,SouthEast,171,20544.590000000022
2017-12-09,CenterWest,2,235.98000000000002
2017-12-09,NorthEast,2,379.8
2017-12-09,South,18,2436.1800000000007
2017-12-09,SouthEast,134,16975.07999999998
2017-12-10,NorthEast,2,379.8
2017-12-10,South,29,3921.0400000000004
2017-12-10,SouthEast,156,20394.950000000015
2017-12-11,CenterWest,2,115.99000000000001
2017-12-11,NorthEast,2,799.0
2017-12-11,South,40,6208.639999999997
2017-12-11,SouthEast,224,26866.76000000005
2017-12-12,NorthEast,3,1589.89
2017-12-12,South,35,5343.799999999998
2017-12-12,SouthEast,220,26535.020000000044
2017-12-13,CenterWest,4,488.69000000000005
2017-12-13,South,24,5323.0
2017-12-13,SouthEast,190,23789.59000000004
2017-12-14,CenterWest,7,483.5899999999999
2017-12-14,North,1,59.0
2017-12-14,South,24,6390.529999999998
2017-12-14,SouthEast,167,18353.10999999999
2017-12-15,CenterWest,4,405.68999999999994
2017-12-15,NorthEast,2,2714.0
2017-12-15,South,29,4630.950000000001
2017-12-15,SouthEast,157,19631.56000000001
2017-12-16,CenterWest,3,188.79000000000002
2017-12-16,NorthEast,3,3137.0
2017-12-16,South,14,2492.0000000000005
2017-12-16,SouthEast,114,14478.489999999987
2017-12-17,NorthEast,1,118.99
2017-12-17,South,22,4683.420000000001
2017-12-17,SouthEast,110,14509.999999999987
2017-12-18,CenterWest,3,592.99
2017-12-18,NorthEast,2,2498.0
2017-12-18,South,28,3773.790000000001
2017-12-18,SouthEast,175,22297.330000000013
2017-12-19,CenterWest,3,183.88
2017-12-19,NorthEast,2,133.99
2017-12-19,South,18,3706.4600000000005
2017-12-19,SouthEast,151,16591.65999999999
2017-12-20,CenterWest,4,340.49
2017-12-20,NorthEast,2,1038.99
2017-12-20,South,28,6884.049999999998
2017-12-20,SouthEast,138,19695.0
2017-12-21,CenterWest,1,39.9
2017-12-21,South,13,3004.2000000000003
2017-12-21,SouthEast,129,15528.119999999984
2017-12-22,CenterWest,2,168.99
2017-12-22,NorthEast,1,699.5
2017-12-22,South,11,2178.6600000000003
2017-12-22,SouthEast,96,11888.149999999989
2017-12-23,NorthEast,4,756.9
2017-12-23,South,13,1887.41
2017-12-23,SouthEast,90,10230.739999999985
2017-12-24,NorthEast,1,139.0
2017-12-24,South,9,1150.28
2017-12-24,SouthEast,49,4469.729999999999
2017-12-25,CenterWest,2,111.78999999999999
2017-12-25,South,10,1796.5
2017-12-25,SouthEast,78,8473.049999999994
2017-12-26,CenterWest,3,232.69000000000003
2017-12-26,NorthEast,3,1797.0
2017-12-26,South,16,2823.6400000000003
2017-12-26,SouthEast,147,15696.09999999998
2017-12-27,CenterWest,3,147.56
2017-12-27,NorthEast,1,235.0
2017-12-27,South,15,1066.48
2017-12-27,SouthEast,147,16251.359999999977
2017-12-28,CenterWest,2,229.89
2017-12-28,NorthEast,3,1307.99
2017-12-28,South,12,1990.4000000000003
2017-12-28,SouthEast,129,11509.209999999985
2017-12-29,CenterWest,3,367.20000000000005
2017-12-29,NorthEast,2,633.0
2017-12-29,South,16,1740.1900000000003
2017-12-29,SouthEast,112,13302.329999999989
2017-12-30,South,10,1736.52
2017-12-30,SouthEast,86,11306.129999999988
2017-12-31,CenterWest,2,74.88
2017-12-31,NorthEast,2,633.0
2017-12-31,South,10,938.6899999999999
2017-12-31,SouthEast,60,7039.199999999994
2018-01-01,CenterWest,3,224.8
2018-01-01,South,9,933.29
2018-01-01,SouthEast,62,5790.119999999998
2018-01-02,CenterWest,1,175.99
2018-01-02,NorthEast,3,657.41
2018-01-02,South,21,3636.8300000000004
2018-01-02,SouthEast,178,20844.77000000002
2018-01-03,CenterWest,1,149.9
2018-01-03,NorthEast,1,599.0
2018-01-03,South,29,5382.309999999998
2018-01-03,SouthEast,192,25755.510000000046
2018-01-04,CenterWest,7,1101.57
2018-01-04,NorthEast,3,692.47
2018-01-04,South,31,4141.950000000002
2018-01-04,SouthEast,216,28903.450000000048
2018-01-05,CenterWest,3,517.8
2018-01-05,NorthEast,3,418.0
2018-01-05,South,37,6646.379999999997
2018-01-05,SouthEast,169,20138.210000000014
2018-01-06,CenterWest,3,621.78
2018-01-06,NorthEast,3,722.9
2018-01-06,South,34,4821.890000000001
2018-01-06,SouthEast,178,21443.100000000006
2018-01-07,CenterWest,1,98.0
2018-01-07,North,2,256.9
2018-01-07,NorthEast,1,599.0
2018-01-07,South,23,5073.830000000001
2018-01-07,SouthEast,168,23405.280000000013
2018-01-08,CenterWest,6,582.37
2018-01-08,NorthEast,2,837.0
2018-01-08,South,31,7758.349999999997
2018-01-08,SouthEast,255,29536.68000000007
2018-01-09,CenterWest,7,947.87
2018-01-09,NorthEast,3,672.9
2018-01-09,South,26,5800.7
2018-01-09,SouthEast,215,22827.440000000017
2018-01-10,CenterWest,6,766.49
2018-01-10,NorthEast,3,1464.04
2018-01-10,South,29,5230.3499999999985
2018-01-10,SouthEast,241,31018.650000000074
2018-01-11,CenterWest,5,365.82000000000005
2018-01-11,NorthEast,3,706.9
2018-01-11,South,36,9940.179999999998
2018-01-11,SouthEast,223,29044.06000000005
2018-01-12,CenterWest,7,1026.15
2018-01-12,NorthEast,6,903.59
2018-01-12,South,39,9115.099999999997
2018-01-12,SouthEast,190,19944.1
2018-01-13,CenterWest,3,346.8
2018-01-13,North,1,107.0
2018-01-13,NorthEast,1,39.9
2018-01-13,South,29,3184.1400000000012
2018-01-13,SouthEast,183,24414.070000000032
2018-01-14,CenterWest,4,456.59000000000003
2018-01-14,NorthEast,3,504.69
2018-01-14,South,41,5261.699999999998
2018-01-14,SouthEast,184,24739.550000000032
2018-01-15,CenterWest,6,1171.06
2018-01-15,NorthEast,2,709.9
2018-01-15,South,53,6350.669999999998
2018-01-15,SouthEast,245,30098.67000000007
2018-01-16,CenterWest,9,1681.68
2018-01-16,NorthEast,4,383.79999999999995
2018-01-16,South,53,10872.319999999992
2018-01-16,SouthEast,239,31299.370000000068
2018-01-17,CenterWest,2,179.89
2018-01-17,NorthEast,4,816.9
2018-01-17,South,39,5173.529999999998
2018-01-17,SouthEast,238,29918.900000000034
2018-01-18,CenterWest,5,686.48
2018-01-18,NorthEast,4,509.6
2018-01-18,South,29,4169.070000000001
2018-01-18,SouthEast,201,22409.62
2018-01-19,NorthEast,5,745.33
2018-01-19,South,26,3813.09
2018-01-19,SouthEast,202,25396.36000000005
2018-01-20,CenterWest,2,104.80000000000001
2018-01-20,NorthEast,5,661.59
2018-01-20,South,25,4066.340000000001
2018-01-20,SouthEast,152,17548.949999999997
2018-01-21,CenterWest,5,489.07000000000005
2018-01-21,South,19,2319.9799999999996
2018-01-21,SouthEast,170,21020.78000000001
2018-01-22,CenterWest,3,599.79
2018-01-22,NorthEast,2,284.9
2018-01-22,South,44,6443.349999999997
2018-01-22,SouthEast,261,29809.60000000008
2018-01-23,CenterWest,5,472.19
2018-01-23,NorthEast,1,14.99
2018-01-23,South,38,5683.799999999999
2018-01-23,SouthEast,220,28575.190000000046
2018-01-24,CenterWest,5,838.6899999999999
2018-01-24,NorthEast,4,513.96
2018-01-24,South,30,5587.3399999999965
2018-01-24,SouthEast,207,24760.180000000048
2018-01-25,CenterWest,2,200.0
2018-01-25,NorthEast,4,464.88
2018-01-25,South,25,4349.92
2018-01-25,SouthEast,201,24619.620000000028
2018-01-26,CenterWest,4,1163.94
2018-01-26,NorthEast,4,469.6
2018-01-26,South,23,2914.7400000000007
2018-01-26,SouthEast,197,29446.720000000052
2018-01-27,CenterWest,2,1127.9
2018-01-27,NorthEast,3,1195.99
2018-01-27,South,14,1581.89
2018-01-27,SouthEast,135,18125.299999999992
2018-01-28,CenterWest,1,109.0
2018-01-28,NorthEast,1,36.99
2018-01-28,South,22,4729.629999999998
2018-01-28,SouthEast,131,19225.13000000001
2018-01-29,CenterWest,1,34.9
2018-01-29,NorthEast,3,525.89
2018-01-29,South,34,6032.8200000000015
2018-01-29,SouthEast,209,23887.71000000002
2018-01-30,CenterWest,8,752.29
2018-01-30,NorthEast,2,299.8
2018-01-30,South,36,4084.370000000001
2018-01-30,SouthEast,211,24452.390000000032
2018-01-31,CenterWest,4,1064.8
2018-01-31,NorthEast,2,189.9
2018-01-31,South,44,7997.16
2018-01-31,SouthEast,205,23469.730000000032
2018-02-01,CenterWest,3,186.69
2018-02-01,NorthEast,3,334.79
2018-02-01,South,35,6485.659999999998
2018-02-01,SouthEast,192,23355.010000000024
2018-02-02,CenterWest,3,248.59
2018-02-02,NorthEast,2,712.49
2018-02-02,South,41,3991.1400000000012
2018-02-02,SouthEast,166,22779.380000000016
2018-02-03,CenterWest,5,605.9
2018-02-03,North,1,19.0
2018-02-03,NorthEast,5,632.69
2018-02-03,South,18,2180.15
2018-02-03,SouthEast,165,20010.920000000006
2018-02-04,CenterWest,2,292.77
2018-02-04,South,26,4108.360000000001
2018-02-04,SouthEast,174,19588.66000000001
2018-02-05,CenterWest,3,307.64
2018-02-05,NorthEast,6,765.68
2018-02-05,South,39,6249.769999999999
2018-02-05,SouthEast,223,30037.750000000055
2018-02-06,CenterWest,4,987.8
2018-02-06,NorthEast,4,834.5999999999999
2018-02-06,South,55,7856.189999999998
2018-02-06,SouthEast,204,24440.790000000045
2018-02-07,CenterWest,6,528.6800000000001
2018-02-07,NorthEast,7,1010.4899999999999
2018-02-07,South,45,8766.839999999995
2018-02-07,SouthEast,188,21000.220000000012
2018-02-08,CenterWest,2,73.9
2018-02-08,NorthEast,3,284.88
2018-02-08,South,43,6087.769999999997
2018-02-08,SouthEast,181,20868.180000000008
2018-02-09,CenterWest,4,295.48
2018-02-09,NorthEast,5,2924.5
2018-02-09,South,31,5947.3499999999985
2018-02-09,SouthEast,171,21575.740000000016
2018-02-10,CenterWest,2,86.89
2018-02-10,NorthEast,2,258.89
2018-02-10,South,27,4286.77
2018-02-10,SouthEast,145,16615.60999999998
2018-02-11,CenterWest,3,116.99000000000001
2018-02-11,NorthEast,2,384.9
2018-02-11,South,38,4730.579999999998
2018-02-11,SouthEast,127,17272.50999999999
2018-02-12,CenterWest,4,1132.88
2018-02-12,NorthEast,3,913.88
2018-02-12,South,34,2951.7700000000004
2018-02-12,SouthEast,175,18312.19999999999
2018-02-13,CenterWest,5,451.79
2018-02-13,NorthEast,1,149.9
2018-02-13,South,41,5202.279999999999
2018-02-13,SouthEast,175,17834.36999999999
2018-02-14,CenterWest,5,433.78
2018-02-14,NorthEast,4,273.88
2018-02-14,South,49,9351.119999999997
2018-02-14,SouthEast,237,27020.870000000064
2018-02-15,CenterWest,4,520.6800000000001
2018-02-15,NorthEast,2,444.9
2018-02-15,South,27,3994.590000000001
2018-02-15,SouthEast,248,27319.740000000056
2018-02-16,CenterWest,5,464.11
2018-02-16,NorthEast,5,829.5
2018-02-16,South,33,4896.0
2018-02-16,SouthEast,169,20705.380000000023
2018-02-17,CenterWest,2,133.9
2018-02-17,NorthEast,2,137.9
2018-02-17,South,40,5185.72
2018-02-17,SouthEast,158,19495.240000000005
2018-02-18,CenterWest,6,569.6
2018-02-18,South,47,6358.879999999998
2018-02-18,SouthEast,149,17663.95
2018-02-19,CenterWest,3,195.9
2018-02-19,NorthEast,9,1023.36
2018-02-19,South,51,7231.479999999999
2018-02-19,SouthEast,196,19739.890000000007
2018-02-20,CenterWest,1,139.9
2018-02-20,NorthEast,4,749.5
2018-02-20,South,58,9170.149999999998
2018-02-20,SouthEast,226,26509.020000000055
2018-02-21,CenterWest,3,148.79000000000002
2018-02-21,NorthEast,6,1978.7
2018-02-21,South,49,6734.799999999998
2018-02-21,SouthEast,207,23539.400000000016
2018-02-22,CenterWest,3,229.79
2018-02-22,NorthEast,6,1053.6
2018-02-22,South,43,6388.659999999999
2018-02-22,SouthEast,226,25046.660000000033
2018-02-23,CenterWest,1,62.9
2018-02-23,NorthEast,6,726.5
2018-02-23,South,41,6145.469999999999
2018-02-23,SouthEast,187,21489.830000000013
2018-02-24,CenterWest,5,1072.9
2018-02-24,NorthEast,1,149.9
2018-02-24,South,28,3695.790000000001
2018-02-24,SouthEast,156,19344.920000000016
2018-02-25,CenterWest,3,384.89
2018-02-25,NorthEast,4,508.69000000000005
2018-02-25,South,37,7121.389999999998
2018-02-25,SouthEast,193,21188.800000000017
2018-02-26,CenterWest,3,207.89
2018-02-26,NorthEast,2,299.8
2018-02-26,South,59,10149.39999999999
2018-02-26,SouthEast,233,33093.870000000046
2018-02-27,CenterWest,7,710.4799999999999
2018-02-27,NorthEast,6,858.4999999999999
2018-02-27,South,51,8818.629999999996
2018-02-27,SouthEast,234,29879.590000000037
2018-02-28,CenterWest,5,650.4599999999999
2018-02-28,NorthEast,6,807.5999999999999
2018-02-28,South,50,11261.399999999996
2018-02-28,SouthEast,252,32791.11000000005
2018-03-01,CenterWest,2,218.0
2018-03-01,NorthEast,6,1007.7
2018-03-01,South,47,7390.089999999998
2018-03-01,SouthEast,221,31035.720000000063
2018-03-02,CenterWest,2,69.0
2018-03-02,NorthEast,3,367.98
2018-03-02,South,39,6233.52
2018-03-02,SouthEast,221,25105.96000000002
2018-03-03,CenterWest,2,162.89
2018-03-03,NorthEast,3,411.41999999999996
2018-03-03,South,31,4264.32
2018-03-03,SouthEast,176,21556.34000000001
2018-03-04,CenterWest,4,385.4
2018-03-04,NorthEast,2,209.89000000000001
2018-03-04,South,39,5785.91
2018-03-04,SouthEast,190,26060.700000000044
2018-03-05,CenterWest,5,358.8
2018-03-05,NorthEast,2,299.8
2018-03-05,South,50,7324.669999999999
2018-03-05,SouthEast,207,30339.800000000043
2018-03-06,CenterWest,4,556.6999999999999
2018-03-06,NorthEast,6,773.77
2018-03-06,South,48,9546.699999999995
2018-03-06,SouthEast,213,28296.820000000043
2018-03-07,CenterWest,3,92.79
2018-03-07,NorthEast,4,1515.42
2018-03-07,South,37,8057.349999999997
2018-03-07,SouthEast,214,26472.330000000038
2018-03-08,CenterWest,1,93.9
2018-03-08,NorthEast,6,777.5699999999999
2018-03-08,South,24,3320.3600000000006
2018-03-08,SouthEast,203,23964.56000000003
2018-03-09,CenterWest,6,436.62
2018-03-09,North,1,29.9
2018-03-09,NorthEast,3,599.6
2018-03-09,South,21,2673.850000000001
2018-03-09,SouthEast,172,24665.47000000004
2018-03-10,CenterWest,4,368.79
2018-03-10,NorthEast,2,828.9
2018-03-10,South,21,4811.950000000001
2018-03-10,SouthEast,165,20194.27
2018-03-11,CenterWest,2,213.9
2018-03-11,NorthEast,7,1831.38
2018-03-11,South,32,5125.96
2018-03-11,SouthEast,178,24149.189999999995
2018-03-12,CenterWest,4,326.79
2018-03-12,NorthEast,2,444.9
2018-03-12,South,28,4251.15
2018-03-12,SouthEast,199,25621.820000000043
2018-03-13,CenterWest,3,508.98
2018-03-13,NorthEast,2,299.8
2018-03-13,South,28,6916.53
2018-03-13,SouthEast,194,28348.930000000026
2018-03-14,CenterWest,6,528.69
2018-03-14,South,27,5869.91
2018-03-14,SouthEast,165,17130.189999999995
2018-03-15,CenterWest,4,264.79
2018-03-15,NorthEast,5,593.09
2018-03-15,South,32,6686.159999999999
2018-03-15,SouthEast,245,36767.420000000064
2018-03-16,CenterWest,6,468.6
2018-03-16,NorthEast,2,123.98
2018-03-16,South,27,4509.64
2018-03-16,SouthEast,217,27729.97000000004
2018-03-17,CenterWest,3,144.59
2018-03-17,NorthEast,1,149.9
2018-03-17,South,17,2262.6800000000003
2018-03-17,SouthEast,159,17521.32999999998
2018-03-18,CenterWest,2,498.9
2018-03-18,NorthEast,3,908.89
2018-03-18,South,25,4002.290000000001
2018-03-18,SouthEast,186,25709.250000000044
2018-03-19,CenterWest,2,89.78999999999999
2018-03-19,NorthEast,4,638.88
2018-03-19,South,44,6178.749999999998
2018-03-19,SouthEast,253,37737.77000000007
2018-03-20,CenterWest,3,161.28
2018-03-20,NorthEast,2,199.8
2018-03-20,South,38,5865.459999999999
2018-03-20,SouthEast,255,29522.930000000084
2018-03-21,CenterWest,2,182.23000000000002
2018-03-21,NorthEast,5,572.68
2018-03-21,South,35,6610.259999999996
2018-03-21,SouthEast,244,32349.260000000064
2018-03-22,CenterWest,3,479.79999999999995
2018-03-22,NorthEast,8,1021.47
2018-03-22,South,34,5181.889999999999
2018-03-22,SouthEast,210,24436.250000000044
2018-03-23,CenterWest,2,305.0
2018-03-23,NorthEast,3,223.88
2018-03-23,South,27,3549.360000000001
2018-03-23,SouthEast,189,25543.000000000025
2018-03-24,CenterWest,2,152.69
2018-03-24,NorthEast,1,245.0
2018-03-24,South,20,2996.9700000000007
2018-03-24,SouthEast,145,20393.11000000001
2018-03-25,CenterWest,2,201.0
2018-03-25,NorthEast,1,989.0
2018-03-25,South,24,3599.4000000000005
2018-03-25,SouthEast,165,20767.890000000003
2018-03-26,CenterWest,6,408.57000000000005
2018-03-26,NorthEast,8,1004.5600000000001
2018-03-26,South,33,5847.319999999999
2018-03-26,SouthEast,224,28518.56000000006
2018-03-27,CenterWest,3,201.88
2018-03-27,NorthEast,6,829.86
2018-03-27,South,34,4986.65
2018-03-27,SouthEast,202,28714.170000000042
2018-03-28,CenterWest,1,120.0
2018-03-28,NorthEast,6,596.76
2018-03-28,South,22,4039.89
2018-03-28,SouthEast,190,24956.69000000002
2018-03-29,CenterWest,3,307.85
2018-03-29,NorthEast,5,566.78
2018-03-29,South,23,2802.4600000000005
2018-03-29,SouthEast,164,25249.640000000025
2018-03-30,CenterWest,1,319.0
2018-03-30,NorthEast,5,432.87
2018-03-30,South,23,3036.640000000001
2018-03-30,SouthEast,136,18299.629999999994
2018-03-31,CenterWest,3,434.9
2018-03-31,NorthEast,2,273.88
2018-03-31,South,19,2714.7000000000003
2018-03-31,SouthEast,143,21780.250000000004
2018-04-01,CenterWest,4,613.6899999999999
2018-04-01,South,24,3447.09
2018-04-01,SouthEast,180,25335.88000000003
2018-04-02,CenterWest,2,119.88
2018-04-02,NorthEast,3,449.70000000000005
2018-04-02,South,36,4974.709999999997
2018-04-02,SouthEast,242,34734.81000000005
2018-04-03,CenterWest,2,1099.0
2018-04-03,NorthEast,5,899.4
2018-04-03,South,31,4742.67
2018-04-03,SouthEast,208,29505.44000000004
2018-04-04,CenterWest,2,319.8
2018-04-04,NorthEast,2,299.8
2018-04-04,South,36,7418.22
2018-04-04,SouthEast,220,29944.91000000006
2018-04-05,CenterWest,2,165.9
2018-04-05,NorthEast,3,268.9
2018-04-05,South,35,5070.419999999998
2018-04-05,SouthEast,226,30553.570000000043
2018-04-06,CenterWest,5,394.65999999999997
2018-04-06,South,20,6172.279999999999
2018-04-06,SouthEast,167,21217.800000000025
2018-04-07,CenterWest,3,79.57
2018-04-07,NorthEast,1,1880.0
2018-04-07,South,9,2759.09
2018-04-07,SouthEast,151,20798.719999999998
2018-04-08,CenterWest,3,325.6
2018-04-08,NorthEast,1,790.0
2018-04-08,South,28,5010.599999999999
2018-04-08,SouthEast,153,17337.64999999999
2018-04-09,NorthEast,3,1964.9
2018-04-09,South,38,10112.259999999995
2018-04-09,SouthEast,213,37231.57000000004
2018-04-10,CenterWest,1,24.89
2018-04-10,NorthEast,2,249.7
2018-04-10,South,28,5507.519999999999
2018-04-10,SouthEast,170,22088.45000000001
2018-04-11,CenterWest,1,110.0
2018-04-11,NorthEast,2,344.9
2018-04-11,South,37,7487.549999999999
2018-04-11,SouthEast,234,32840.51000000008
2018-04-12,CenterWest,5,530.58
2018-04-12,NorthEast,1,179.9
2018-04-12,South,37,6424.68
2018-04-12,SouthEast,214,26982.42000000005
2018-04-13,CenterWest,3,418.78999999999996
2018-04-13,NorthEast,2,214.89
2018-04-13,South,29,3564.13
2018-04-13,SouthEast,170,26952.550000000014
2018-04-14,CenterWest,1,165.9
2018-04-14,NorthEast,1,32.9
2018-04-14,South,14,1626.6100000000004
2018-04-14,SouthEast,130,17020.28999999999
2018-04-15,CenterWest,1,120.0
2018-04-15,NorthEast,4,1713.8799999999999
2018-04-15,South,35,7019.639999999998
2018-04-15,SouthEast,185,21670.52000000001
2018-04-16,CenterWest,5,981.89
2018-04-16,NorthEast,3,449.70000000000005
2018-04-16,South,42,8365.109999999997
2018-04-16,SouthEast,230,30615.56000000006
2018-04-17,CenterWest,2,68.89
2018-04-17,NorthEast,3,1064.88
2018-04-17,South,27,3931.280000000001
2018-04-17,SouthEast,234,31617.920000000056
2018-04-18,CenterWest,4,1024.89
2018-04-18,NorthEast,7,3064.66
2018-04-18,South,34,6202.0199999999995
2018-04-18,SouthEast,235,29181.140000000065
2018-04-19,CenterWest,3,191.9
2018-04-19,NorthEast,6,2054.86
2018-04-19,South,29,3490.5699999999997
2018-04-19,SouthEast,256,37549.88000000007
2018-04-20,CenterWest,4,386.89
2018-04-20,NorthEast,2,229.98
2018-04-20,South,20,3423.34
2018-04-20,SouthEast,170,24313.63000000002
2018-04-21,CenterWest,1,195.0
2018-04-21,NorthEast,3,169.98
2018-04-21,South,25,4058.470000000001
2018-04-21,SouthEast,128,14542.889999999985
2018-04-22,CenterWest,4,364.59000000000003
2018-04-22,NorthEast,1,64.99
2018-04-22,South,30,4955.349999999999
2018-04-22,SouthEast,167,21965.970000000012
2018-04-23,CenterWest,3,244.89
2018-04-23,NorthEast,8,959.56
2018-04-23,South,30,6531.3499999999985
2018-04-23,SouthEast,244,29938.470000000067
2018-04-24,CenterWest,9,759.3999999999999
2018-04-24,NorthEast,8,1326.8500000000001
2018-04-24,South,24,4881.66
2018-04-24,SouthEast,232,36115.86000000009
2018-04-25,CenterWest,6,387.07
2018-04-25,NorthEast,9,1234.5600000000002
2018-04-25,South,33,8398.56
2018-04-25,SouthEast,238,30974.83000000008
2018-04-26,CenterWest,3,213.88
2018-04-26,NorthEast,3,1193.89
2018-04-26,South,34,6030.519999999999
2018-04-26,SouthEast,214,24193.07000000004
2018-04-27,CenterWest,1,24.89
2018-04-27,NorthEast,5,469.78
2018-04-27,South,30,5887.229999999998
2018-04-27,SouthEast,208,34370.64000000008
2018-04-28,CenterWest,1,235.0
2018-04-28,NorthEast,3,3113.8799999999997
2018-04-28,South,23,3186.2600000000007
2018-04-28,SouthEast,144,17025.419999999987
2018-04-29,CenterWest,3,176.78
2018-04-29,NorthEast,4,424.96
2018-04-29,South,22,3365.78
2018-04-29,SouthEast,144,15444.179999999978
2018-04-30,CenterWest,1,193.5
2018-04-30,NorthEast,8,1043.76
2018-04-30,South,25,3559.990000000001
2018-04-30,SouthEast,207,30885.360000000033
2018-05-01,CenterWest,2,435.89
2018-05-01,NorthEast,11,1248.63
2018-05-01,South,25,3515.21
2018-05-01,SouthEast,217,27964.070000000047
2018-05-02,CenterWest,6,779.0
2018-05-02,NorthEast,9,1034.64
2018-05-02,South,32,5005.309999999998
2018-05-02,SouthEast,250,31738.770000000062
2018-05-03,CenterWest,4,545.76
2018-05-03,NorthEast,6,467.86
2018-05-03,South,36,9018.599999999999
2018-05-03,SouthEast,260,32465.55000000005
2018-05-04,CenterWest,4,423.59
2018-05-04,NorthEast,9,944.8199999999999
2018-05-04,South,34,4798.1500000000015
2018-05-04,SouthEast,218,33564.37000000006
2018-05-05,CenterWest,1,59.9
2018-05-05,NorthEast,4,454.87
2018-05-05,South,20,2917.3400000000006
2018-05-05,SouthEast,172,24874.34000000003
2018-05-06,CenterWest,1,189.9
2018-05-06,NorthEast,8,1166.66
2018-05-06,South,18,2256.3700000000003
2018-05-06,SouthEast,183,24953.04000000003
2018-05-07,CenterWest,9,899.38
2018-05-07,NorthEast,9,1675.84
2018-05-07,South,48,8291.709999999997
2018-05-07,SouthEast,305,43300.55000000007
2018-05-08,CenterWest,8,1426.7900000000002
2018-05-08,NorthEast,6,529.85
2018-05-08,South,40,7960.709999999997
2018-05-08,SouthEast,274,37883.34000000007
2018-05-09,CenterWest,6,753.79
2018-05-09,NorthEast,11,1744.21
2018-05-09,South,40,5416.699999999999
2018-05-09,SouthEast,286,35674.420000000064
2018-05-10,CenterWest,2,217.89
2018-05-10,NorthEast,19,4903.93
2018-05-10,South,33,10047.519999999997
2018-05-10,SouthEast,226,36289.33000000005
2018-05-11,CenterWest,5,733.86
2018-05-11,NorthEast,8,3499.6499999999996
2018-05-11,South,30,6430.149999999998
2018-05-11,SouthEast,203,27195.530000000042
2018-05-12,CenterWest,3,294.79
2018-05-12,NorthEast,1,179.9
2018-05-12,South,20,5732.069999999999
2018-05-12,SouthEast,180,23397.380000000023
2018-05-13,CenterWest,1,599.98
2018-05-13,NorthEast,1,179.9
2018-05-13,South,26,5197.150000000001
2018-05-13,SouthEast,179,25336.490000000027
2018-05-14,CenterWest,2,23.689999999999998
2018-05-14,NorthEast,6,991.4
2018-05-14,South,38,9330.339999999997
2018-05-14,SouthEast,318,43496.9500000001
2018-05-15,CenterWest,4,329.9
2018-05-15,NorthEast,10,2108.0000000000005
2018-05-15,South,39,4004.270000000001
2018-05-15,SouthEast,301,34677.680000000066
2018-05-16,CenterWest,1,161.9
2018-05-16,NorthEast,5,1737.3
2018-05-16,South,51,9357.749999999996
2018-05-16,SouthEast,302,45026.78000000007
2018-05-17,CenterWest,2,89.8
2018-05-17,NorthEast,3,370.8
2018-05-17,South,21,5157.5
2018-05-17,SouthEast,202,25870.37000000005
2018-05-18,CenterWest,5,605.73
2018-05-18,NorthEast,3,518.7
2018-05-18,South,19,4296.4800000000005
2018-05-18,SouthEast,212,26200.610000000044
2018-05-19,CenterWest,4,205.49
2018-05-19,South,13,2700.6800000000003
2018-05-19,SouthEast,123,22295.12000000002
2018-05-20,NorthEast,1,35.0
2018-05-20,South,13,2731.8500000000004
2018-05-20,SouthEast,148,16819.689999999988
2018-05-21,CenterWest,2,135.9
2018-05-21,NorthEast,2,299.8
2018-05-21,South,21,2616.52
2018-05-21,SouthEast,179,22351.840000000022
2018-05-22,CenterWest,3,3309.75
2018-05-22,NorthEast,6,804.59
2018-05-22,South,22,4028.980000000001
2018-05-22,SouthEast,168,19650.590000000022
2018-05-23,CenterWest,3,224.9
2018-05-23,NorthEast,3,449.70000000000005
2018-05-23,South,13,3263.4900000000002
2018-05-23,SouthEast,114,13562.959999999986
2018-05-24,CenterWest,1,129.9
2018-05-24,NorthEast,2,309.89
2018-05-24,South,12,1704.77
2018-05-24,SouthEast,99,17928.69999999999
2018-05-25,South,8,936.67
2018-05-25,SouthEast,95,14952.249999999987
2018-05-26,NorthEast,2,719.6
2018-05-26,South,13,2675.94
2018-05-26,SouthEast,84,11403.629999999994
2018-05-27,CenterWest,1,19.9
2018-05-27,NorthEast,1,149.9
2018-05-27,South,10,1904.1700000000003
2018-05-27,SouthEast,88,10449.279999999992
2018-05-28,CenterWest,2,69.88
2018-05-28,South,14,2526.1400000000003
2018-05-28,SouthEast,128,24281.45000000001
2018-05-29,CenterWest,3,368.0
2018-05-29,NorthEast,4,602.29
2018-05-29,South,13,2743.2000000000003
2018-05-29,SouthEast,129,21858.589999999997
2018-05-30,CenterWest,1,179.0
2018-05-30,NorthEast,4,759.79
2018-05-30,South,22,4964.13
2018-05-30,SouthEast,113,13311.079999999987
2018-05-31,CenterWest,1,179.0
2018-05-31,NorthEast,2,463.99
2018-05-31,South,17,2890.0100000000007
2018-05-31,SouthEast,113,21578.280000000002
2018-06-01,NorthEast,2,209.89000000000001
2018-06-01,South,22,7083.629999999998
2018-06-01,SouthEast,160,25005.40000000003
2018-06-02,CenterWest,1,179.0
2018-06-02,NorthEast,4,346.87
2018-06-02,South,14,3248.9900000000007
2018-06-02,SouthEast,125,21491.760000000013
2018-06-03,CenterWest,2,84.74000000000001
2018-06-03,NorthEast,7,2495.8399999999992
2018-06-03,South,24,3895.88
2018-06-03,SouthEast,158,21985.20000000001
2018-06-04,CenterWest,4,566.98
2018-06-04,NorthEast,13,1394.6100000000001
2018-06-04,South,30,3265.8900000000012
2018-06-04,SouthEast,179,23394.92000000001
2018-06-05,CenterWest,4,737.8
2018-06-05,NorthEast,8,981.66
2018-06-05,South,27,4175.26
2018-06-05,SouthEast,160,24814.640000000043
2018-06-06,CenterWest,1,67.8
2018-06-06,NorthEast,7,777.84
2018-06-06,South,27,3236.5000000000014
2018-06-06,SouthEast,192,22052.260000000024
2018-06-07,CenterWest,5,376.08000000000004
2018-06-07,NorthEast,6,762.85
2018-06-07,South,34,8123.669999999999
2018-06-07,SouthEast,181,27757.800000000043
2018-06-08,CenterWest,3,231.88
2018-06-08,NorthEast,3,1004.89
2018-06-08,South,25,4097.6900000000005
2018-06-08,SouthEast,168,21535.95000000001
2018-06-09,NorthEast,4,550.87
2018-06-09,South,26,5388.129999999999
2018-06-09,SouthEast,142,23386.080000000016
2018-06-10,CenterWest,1,110.0
2018-06-10,NorthEast,3,422.79
2018-06-10,South,26,4090.090000000001
2018-06-10,SouthEast,165,20879.090000000004
2018-06-11,CenterWest,2,254.69
2018-06-11,NorthEast,6,671.36
2018-06-11,South,41,6951.169999999999
2018-06-11,SouthEast,246,41792.480000000054
2018-06-12,CenterWest,4,156.47000000000003
2018-06-12,NorthEast,3,2389.8
2018-06-12,South,29,8274.779999999997
2018-06-12,SouthEast,211,29547.950000000048
2018-06-13,CenterWest,5,521.88
2018-06-13,South,21,4819.9400000000005
2018-06-13,SouthEast,234,29275.140000000072
2018-06-14,CenterWest,3,299.7
2018-06-14,NorthEast,4,1043.98
2018-06-14,South,23,3521.53
2018-06-14,SouthEast,184,22639.390000000018
2018-06-15,CenterWest,3,176.77
2018-06-15,NorthEast,4,881.89
2018-06-15,South,23,4985.9299999999985
2018-06-15,SouthEast,156,20572.96999999999
2018-06-16,CenterWest,3,345.9
2018-06-16,NorthEast,3,283.88
2018-06-16,South,19,1904.1800000000003
2018-06-16,SouthEast,140,22082.090000000015
2018-06-17,CenterWest,1,179.0
2018-06-17,NorthEast,2,189.98
2018-06-17,South,16,1998.6200000000003
2018-06-17,SouthEast,135,14948.729999999985
2018-06-18,CenterWest,4,558.8
2018-06-18,NorthEast,5,917.87
2018-06-18,South,23,5207.9
2018-06-18,SouthEast,214,28033.730000000043
2018-06-19,CenterWest,2,713.0
2018-06-19,NorthEast,4,563.47
2018-06-19,South,19,4996.38
2018-06-19,SouthEast,206,28357.480000000065
2018-06-20,CenterWest,6,674.5699999999999
2018-06-20,NorthEast,11,2239.25
2018-06-20,South,34,6039.029999999997
2018-06-20,SouthEast,166,19841.139999999996
2018-06-21,CenterWest,2,220.0
2018-06-21,NorthEast,6,652.85
2018-06-21,South,34,4429.01
2018-06-21,SouthEast,195,22401.72000000001
2018-06-22,CenterWest,4,569.89
2018-06-22,NorthEast,2,4654.99
2018-06-22,South,23,4315.420000000001
2018-06-22,SouthEast,150,15266.969999999981
2018-06-23,NorthEast,5,1102.47
2018-06-23,South,21,3790.750000000001
2018-06-23,SouthEast,125,12608.699999999986
2018-06-24,CenterWest,2,153.9
2018-06-24,NorthEast,2,245.98
2018-06-24,South,30,4646.93
2018-06-24,SouthEast,168,19385.79
2018-06-25,CenterWest,1,409.0
2018-06-25,NorthEast,5,695.87
2018-06-25,South,33,5231.979999999999
2018-06-25,SouthEast,202,29798.670000000027
2018-06-26,CenterWest,4,932.78
2018-06-26,NorthEast,7,1157.86
2018-06-26,South,37,6192.819999999998
2018-06-26,SouthEast,195,22674.11000000003
2018-06-27,CenterWest,2,424.9
2018-06-27,NorthEast,10,1586.74
2018-06-27,South,35,5280.009999999998
2018-06-27,SouthEast,167,19204.83
2018-06-28,CenterWest,5,627.4599999999999
2018-06-28,NorthEast,8,2799.97
2018-06-28,South,33,5720.099999999998
2018-06-28,SouthEast,197,23024.440000000035
2018-06-29,CenterWest,5,1187.89
2018-06-29,NorthEast,2,478.9
2018-06-29,South,29,4623.93
2018-06-29,SouthEast,138,14182.759999999986
2018-06-30,CenterWest,1,60.0
2018-06-30,NorthEast,2,109.9
2018-06-30,South,16,2280.0600000000004
2018-06-30,SouthEast,105,12929.919999999991
2018-07-01,CenterWest,1,299.0
2018-07-01,NorthEast,3,811.99
2018-07-01,South,21,4357.9400000000005
2018-07-01,SouthEast,137,18900.540000000015
2018-07-02,CenterWest,2,248.9
2018-07-02,NorthEast,6,746.95
2018-07-02,South,35,5477.799999999999
2018-07-02,SouthEast,153,16684.96999999999
2018-07-03,CenterWest,4,985.6800000000001
2018-07-03,NorthEast,5,446.95
2018-07-03,South,30,4437.43
2018-07-03,SouthEast,177,20437.249999999993
2018-07-04,CenterWest,1,90.0
2018-07-04,NorthEast,4,450.87
2018-07-04,South,31,3756.0800000000004
2018-07-04,SouthEast,221,31354.70000000005
2018-07-05,CenterWest,3,209.14
2018-07-05,NorthEast,7,1145.8600000000001
2018-07-05,South,27,3947.7400000000007
2018-07-05,SouthEast,159,23506.590000000022
2018-07-06,CenterWest,1,69.0
2018-07-06,NorthEast,3,310.96999999999997
2018-07-06,South,21,5829.859999999996
2018-07-06,SouthEast,98,12795.709999999988
2018-07-07,CenterWest,1,115.0
2018-07-07,NorthEast,2,187.98
2018-07-07,South,15,1579.3100000000004
2018-07-07,SouthEast,73,7194.269999999993
2018-07-08,CenterWest,2,29.78
2018-07-08,NorthEast,9,1270.64
2018-07-08,South,15,2025.0400000000006
2018-07-08,SouthEast,97,11085.32999999999
2018-07-09,NorthEast,6,810.86
2018-07-09,South,24,2923.66
2018-07-09,SouthEast,118,15830.329999999985
2018-07-10,CenterWest,2,90.79
2018-07-10,NorthEast,6,1135.95
2018-07-10,South,15,2071.42
2018-07-10,SouthEast,109,15426.409999999989
2018-07-11,CenterWest,2,205.89
2018-07-11,NorthEast,5,720.96
2018-07-11,South,19,2839.4700000000003
2018-07-11,SouthEast,101,14753.659999999989
2018-07-12,NorthEast,5,502.95
2018-07-12,South,20,5916.789999999997
2018-07-12,SouthEast,96,22472.03000000001
2018-07-13,CenterWest,6,601.78
2018-07-13,NorthEast,7,834.5799999999999
2018-07-13,South,34,5948.159999999999
2018-07-13,SouthEast,123,20259.71000000001
2018-07-14,NorthEast,8,1957.92
2018-07-14,South,28,5804.989999999999
2018-07-14,SouthEast,112,14494.779999999984
2018-07-15,CenterWest,3,227.77999999999997
2018-07-15,NorthEast,5,1561.8799999999999
2018-07-15,South,33,7149.959999999996
2018-07-15,SouthEast,112,21097.87000000002
2018-07-16,CenterWest,2,123.75
2018-07-16,NorthEast,16,2218.2300000000005
2018-07-16,South,41,6421.769999999998
2018-07-16,SouthEast,186,22544.540000000023
2018-07-17,CenterWest,3,173.88
2018-07-17,NorthEast,10,2897.92
2018-07-17,South,30,4365.32
2018-07-17,SouthEast,178,22984.36000000002
2018-07-18,CenterWest,4,285.78
2018-07-18,NorthEast,8,1005.16
2018-07-18,South,35,8766.759999999998
2018-07-18,SouthEast,258,31135.790000000063
2018-07-19,CenterWest,5,768.5799999999999
2018-07-19,NorthEast,3,498.39
2018-07-19,South,33,4792.15
2018-07-19,SouthEast,213,32646.460000000057
2018-07-20,CenterWest,5,421.67999999999995
2018-07-20,NorthEast,3,393.9
2018-07-20,South,37,10618.399999999994
2018-07-20,SouthEast,206,20597.460000000014
2018-07-21,CenterWest,4,469.54999999999995
2018-07-21,NorthEast,1,185.0
2018-07-21,South,24,4119.99
2018-07-21,SouthEast,161,16339.039999999977
2018-07-22,CenterWest,6,536.47
2018-07-22,NorthEast,5,1457.9
2018-07-22,South,36,6570.579999999997
2018-07-22,SouthEast,169,19188.47
2018-07-23,CenterWest,5,441.68999999999994
2018-07-23,NorthEast,3,752.9
2018-07-23,South,49,7667.219999999995
2018-07-23,SouthEast,248,31049.410000000054
2018-07-24,CenterWest,4,475.68999999999994
2018-07-24,NorthEast,3,529.9
2018-07-24,South,47,9040.119999999997
2018-07-24,SouthEast,218,31480.050000000036
2018-07-25,CenterWest,4,292.89
2018-07-25,NorthEast,5,1248.69
2018-07-25,South,36,13567.119999999999
2018-07-25,SouthEast,223,25308.800000000032
2018-07-26,CenterWest,4,953.89
2018-07-26,NorthEast,3,1228.9
2018-07-26,South,33,5822.099999999999
2018-07-26,SouthEast,209,27287.830000000027
2018-07-27,CenterWest,7,375.18
2018-07-27,NorthEast,5,2966.9
2018-07-27,South,38,7326.139999999998
2018-07-27,SouthEast,140,17703.52999999999
2018-07-28,CenterWest,4,584.1999999999999
2018-07-28,NorthEast,5,1029.9
2018-07-28,South,23,4092.600000000001
2018-07-28,SouthEast,144,19503.420000000006
2018-07-29,NorthEast,3,508.9
2018-07-29,South,28,8268.46
2018-07-29,SouthEast,157,22656.720000000016
2018-07-30,CenterWest,8,1199.7
2018-07-30,NorthEast,6,3226.9
2018-07-30,South,46,7593.94
2018-07-30,SouthEast,224,27050.12000000005
2018-07-31,CenterWest,6,680.8
2018-07-31,NorthEast,13,4792.6
2018-07-31,South,48,7795.629999999996
2018-07-31,SouthEast,254,32047.25000000009
2018-08-01,CenterWest,2,418.0
2018-08-01,NorthEast,8,1708.9
2018-08-01,South,61,8977.249999999996
2018-08-01,SouthEast,241,29449.65000000006
2018-08-02,CenterWest,6,241.55
2018-08-02,NorthEast,4,778.9
2018-08-02,South,44,7914.449999999996
2018-08-02,SouthEast,248,29527.36000000004
2018-08-03,CenterWest,4,169.69
2018-08-03,NorthEast,8,1499.58
2018-08-03,South,39,5961.179999999999
2018-08-03,SouthEast,263,34444.7300000001
2018-08-04,CenterWest,2,283.9
2018-08-04,NorthEast,7,825.97
2018-08-04,South,36,5942.139999999999
2018-08-04,SouthEast,201,28459.950000000044
2018-08-05,CenterWest,5,406.29999999999995
2018-08-05,NorthEast,7,886.68
2018-08-05,South,37,8887.759999999998
2018-08-05,SouthEast,227,25403.020000000037
2018-08-06,CenterWest,4,205.97999999999996
2018-08-06,NorthEast,11,1862.8600000000001
2018-08-06,South,56,13518.469999999992
2018-08-06,SouthEast,303,40840.080000000075
2018-08-07,CenterWest,4,900.9
2018-08-07,NorthEast,14,3605.85
2018-08-07,South,46,7351.399999999998
2018-08-07,SouthEast,304,37320.83000000007
2018-08-08,CenterWest,4,272.8
2018-08-08,NorthEast,11,4060.69
2018-08-08,South,44,7880.059999999997
2018-08-08,SouthEast,256,31119.520000000055
2018-08-09,CenterWest,4,809.4799999999999
2018-08-09,NorthEast,11,1666.55
2018-08-09,South,38,6826.819999999998
2018-08-09,SouthEast,231,30737.430000000055
2018-08-10,CenterWest,5,689.68
2018-08-10,NorthEast,4,693.98
2018-08-10,South,31,4013.7400000000007
2018-08-10,SouthEast,213,28027.330000000078
2018-08-11,CenterWest,6,709.5699999999999
2018-08-11,NorthEast,8,1518.87
2018-08-11,South,27,6290.0999999999985
2018-08-11,SouthEast,145,17442.38999999999
2018-08-12,CenterWest,5,697.6999999999999
2018-08-12,NorthEast,7,1776.99
2018-08-12,South,32,8673.55
2018-08-12,SouthEast,156,20375.970000000012
2018-08-13,CenterWest,4,251.0
2018-08-13,NorthEast,10,1601.74
2018-08-13,South,32,3843.9500000000003
2018-08-13,SouthEast,244,32916.44000000009
2018-08-14,CenterWest,7,759.4599999999999
2018-08-14,NorthEast,6,2950.95
2018-08-14,South,34,7687.779999999999
2018-08-14,SouthEast,268,32794.650000000074
2018-08-15,CenterWest,6,600.9599999999999
2018-08-15,NorthEast,8,1654.77
2018-08-15,South,37,9694.999999999998
2018-08-15,SouthEast,234,33623.31000000005
2018-08-16,CenterWest,5,296.46
2018-08-16,NorthEast,11,1394.73
2018-08-16,South,39,3805.730000000001
2018-08-16,SouthEast,264,30173.690000000053
2018-08-17,CenterWest,8,1005.4699999999999
2018-08-17,NorthEast,11,5123.839999999999
2018-08-17,South,33,2728.8200000000006
2018-08-17,SouthEast,205,22872.54000000001
2018-08-18,CenterWest,1,29.9
2018-08-18,NorthEast,3,1156.99
2018-08-18,South,24,2249.17
2018-08-18,SouthEast,168,20904.890000000014
2018-08-19,CenterWest,3,322.89
2018-08-19,NorthEast,8,1579.9399999999998
2018-08-19,South,26,3055.37
2018-08-19,SouthEast,169,20529.190000000017
2018-08-20,CenterWest,1,39.9
2018-08-20,NorthEast,5,2791.99
2018-08-20,South,37,5953.759999999998
2018-08-20,SouthEast,210,25693.85000000005
2018-08-21,CenterWest,4,957.75
2018-08-21,NorthEast,6,546.96
2018-08-21,South,31,3917.910000000001
2018-08-21,SouthEast,199,20900.44
2018-08-22,CenterWest,1,18.89
2018-08-22,NorthEast,2,133.98
2018-08-22,South,26,3166.15
2018-08-22,SouthEast,159,16978.10999999999
2018-08-23,CenterWest,3,135.68
2018-08-23,NorthEast,2,464.9
2018-08-23,South,14,2518.53
2018-08-23,SouthEast,123,13911.759999999986
2018-08-24,CenterWest,1,99.9
2018-08-24,South,6,591.37
2018-08-24,SouthEast,92,8942.339999999995
2018-08-25,South,4,237.39
2018-08-25,SouthEast,65,10362.019999999993
2018-08-26,South,7,1063.69
2018-08-26,SouthEast,66,7007.019999999997
2018-08-27,South,5,268.93
2018-08-27,SouthEast,62,5076.979999999998
2018-08-28,South,3,334.5
2018-08-28,SouthEast,36,3339.4100000000008
2018-08-29,South,1,418.0
2018-08-29,SouthEast,10,1128.04
2018-09-03,SouthEast,1,145.0
